使用者編號,學校代碼,年級,班級,國語成績,數學成績,英語成績,練習次數,練習平均正確率,練習總秒數,影片瀏覽次數,影片觀看總秒數,影片平均完成率,倒轉次數,快轉次數,筆記次數,暫停次數,單字遊戲次數,數學遊戲次數,測驗作答次數,測驗總秒數,綜合平臺活動數,總活動量,參與度分組
170651,1377,6,1,96.0,76.0,84.0,24,66.7,1139,36,8698,81.1,21,27,0,191,0,0,493,21172,0,553,Q4 高
60826,2284,5,1,32.0,76.0,76.0,71,71.8,4036,8,2867,58.4,4,0,0,278,0,0,0,0,72,151,Q2 中低
70353,2284,5,3,56.0,52.0,,34,51.5,620,0,0,,0,0,0,0,10,12,0,0,201,257,Q2 中低
230014,1377,6,2,88.0,96.0,76.0,2,50.0,23,27,3888,46.4,36,3,0,73,0,0,467,8910,0,496,Q4 高
75161,2284,6,2,64.0,72.0,64.0,0,,0,0,0,,0,0,0,0,0,0,0,0,59,59,Q1 低
14640,1377,5,2,96.0,60.0,92.0,27,40.7,300,48,8392,75.1,4,8,0,109,0,0,631,9156,0,706,Q4 高
178025,2284,5,2,,,56.0,18,72.2,1823,7,2105,68.6,0,0,0,31,0,0,0,0,164,189,Q2 中低
75076,1377,5,3,100.0,88.0,100.0,1,0.0,5,17,2578,44.9,22,1,0,86,0,0,617,11524,0,635,Q4 高
75860,2284,6,1,64.0,36.0,36.0,9,88.9,298,0,0,,0,0,0,0,40,0,110,1905,13,172,Q2 中低
252091,2284,3,2,,88.0,,22,86.4,1241,39,7638,57.6,10,0,0,82,0,0,0,0,391,452,Q4 高
116465,1377,3,4,44.0,44.0,,202,78.2,19446,57,12959,80.2,13,19,0,143,0,0,77,703,7,343,Q3 中高
51708,1377,6,3,92.0,72.0,92.0,44,61.4,936,35,8015,76.0,12,46,0,143,0,0,544,8024,0,623,Q4 高
241854,1377,6,2,88.0,92.0,96.0,16,68.8,256,28,4649,61.1,14,5,0,156,0,0,170,7981,26,240,Q2 中低
172421,1377,4,1,80.0,100.0,80.0,20,67.5,1781,24,5008,74.5,3,1,0,47,0,0,272,8470,0,316,Q3 中高
115966,1377,4,3,60.0,84.0,70.0,27,68.5,1210149,21,4506,80.4,3,0,0,52,0,0,446,9264,0,494,Q4 高
242339,2284,3,4,96.0,,,29,63.8,471,4,388,76.8,0,0,0,2,0,0,0,0,298,331,Q3 中高
25068,1377,5,1,96.0,72.0,88.0,20,52.5,294,25,5114,66.4,6,0,0,808,0,0,5,110,43,93,Q1 低
87061,2284,5,2,52.0,64.0,48.0,18,66.7,632,13,5063,66.3,1,0,0,251,0,0,0,0,5,36,Q1 低
80905,1377,3,2,88.0,88.0,,14,78.6,681,17,3739,79.9,22,7,0,73,0,0,5,540,0,36,Q1 低
116516,1377,5,1,92.0,84.0,88.0,11,50.0,803,16,2461,63.1,4,0,0,75,0,0,30,335,0,57,Q1 低
124649,2284,6,1,88.0,52.0,,72,62.5,1283,2,431,54.0,0,0,0,2,60,0,225,6980,306,665,Q4 高
51872,1377,6,3,76.0,56.0,92.0,9,77.8,997,30,5360,70.1,25,2,0,147,0,0,391,7158,0,430,Q3 中高
229604,2284,3,3,,92.0,,0,,0,2,43,10.0,1,0,0,3,0,0,0,0,310,312,Q3 中高
228685,2284,3,1,,92.0,,22,86.4,841,1,390,100.0,0,0,0,1,0,0,0,0,155,178,Q2 中低
29165,1377,5,1,92.0,76.0,64.0,28,64.3,318,21,5590,84.3,17,0,0,950,0,0,25,835,0,74,Q1 低
76668,2284,6,2,,,36.0,0,,0,0,0,,0,0,0,0,0,0,185,5190,29,214,Q2 中低
70254,2284,5,1,64.0,32.0,44.0,0,,0,0,0,,0,0,0,0,0,0,0,0,116,116,Q1 低
73300,1377,6,1,84.0,52.0,96.0,16,68.8,130,12,3609,79.5,5,3,0,67,0,0,487,9521,400,915,Q4 高
24756,1377,5,1,88.0,72.0,84.0,11,86.4,1370,14,2384,50.2,8,0,0,138,0,0,25,3080,0,50,Q1 低
52740,1377,6,3,88.0,52.0,80.0,13,73.1,866,25,5531,71.5,22,9,0,175,0,0,418,7388,0,456,Q4 高
183701,2284,4,3,,,90.0,0,,0,0,0,,0,0,0,0,0,0,0,0,354,354,Q3 中高
72960,2284,4,3,,,58.0,0,,0,0,0,,0,0,0,0,0,0,0,0,146,146,Q2 中低
20357,1377,4,2,72.0,84.0,72.0,29,70.7,697,26,5855,78.2,0,0,0,46,0,0,220,5605,0,275,Q3 中高
87936,2284,5,1,72.0,68.0,64.0,0,,0,0,0,,0,0,0,0,0,0,0,0,231,231,Q2 中低
79490,1377,6,3,80.0,56.0,92.0,8,81.2,183,22,2938,43.5,24,0,0,201,0,0,125,4461,0,155,Q2 中低
73033,2284,4,3,48.0,76.0,82.0,0,,0,0,0,,0,0,0,0,0,0,0,0,71,71,Q1 低
80778,2284,5,3,64.0,36.0,52.0,104,50.6,3394,5,2381,58.4,2,0,0,8,0,0,0,0,144,253,Q2 中低
14106,1377,5,2,96.0,80.0,56.0,11,72.7,306,12,3132,93.5,2,2,0,559,0,0,716,18750,0,739,Q4 高
183581,2284,4,1,,,88.0,28,72.0,756,2,456,74.0,0,0,0,4,0,0,0,0,64,94,Q1 低
79645,2284,5,4,,88.0,,36,76.4,1702,22,5081,60.8,9,0,2,89,0,0,0,0,133,191,Q2 中低
169901,1377,6,1,88.0,72.0,80.0,21,73.8,1251,34,6319,66.7,26,4,0,345,0,0,523,7854,216,794,Q4 高
29204,1377,5,1,76.0,84.0,96.0,33,86.4,950,27,4155,59.7,65,0,0,115,0,0,12,108,0,72,Q1 低
79756,2284,5,4,,68.0,,6,58.3,5598,4,765,59.8,0,0,0,15,0,0,0,0,41,51,Q1 低
242347,1377,6,2,96.0,96.0,76.0,16,65.6,170,23,2871,42.3,13,0,0,71,0,0,113,2327,0,152,Q2 中低
88384,2284,5,1,,92.0,,0,,0,0,0,,0,0,0,0,0,0,0,0,172,172,Q2 中低
65352,2284,5,2,56.0,64.0,68.0,23,73.9,84305,11,2105,59.1,3,0,0,30,0,0,0,0,270,304,Q3 中高
52418,1377,6,3,84.0,44.0,92.0,5,90.0,118,17,4190,80.6,13,8,0,91,0,0,506,10995,0,528,Q4 高
163235,1377,6,3,80.0,72.0,80.0,1,50.0,30,21,3178,53.0,12,12,0,878,0,0,203,3925,0,225,Q2 中低
89055,2284,2,2,,100.0,,106,62.3,2352,15,3739,72.6,21,0,35,94,0,0,0,0,0,121,Q2 中低
60833,2284,5,2,80.0,76.0,68.0,107,66.8,5122,50,16003,62.4,21,21,2,193,0,0,0,0,429,586,Q4 高
237057,1377,6,2,72.0,44.0,64.0,14,64.3,174,19,3108,64.6,29,4,0,134,0,0,461,8882,0,494,Q4 高
78703,1377,3,3,88.0,76.0,,42,61.9,788,20,3968,86.2,16,10,0,101,0,0,350,9750,0,412,Q3 中高
76260,2284,6,4,,,88.0,0,,0,0,0,,0,0,0,0,0,0,0,0,416,416,Q3 中高
94098,2284,2,2,82.0,80.0,,55,55.1,1076,41,7430,71.3,24,2,7,142,0,0,0,0,0,96,Q1 低
116958,2284,6,1,80.0,,,12,91.7,10996,1,260,100.0,0,0,0,7,0,0,175,8175,44,232,Q2 中低
90284,2284,2,3,76.0,84.0,,103,60.2,5858,68,15025,95.9,19,10,0,89,0,0,0,0,0,171,Q2 中低
126435,1377,6,3,88.0,80.0,96.0,15,66.7,1102,32,6539,73.2,24,15,1,237,0,0,160,3150,2,209,Q2 中低
75616,2284,6,1,48.0,32.0,40.0,0,,0,0,0,,0,0,0,0,0,0,110,5320,161,271,Q3 中高
165940,2284,5,3,,,76.0,5,50.0,246,0,0,,0,0,0,0,0,0,0,0,680,685,Q4 高
29075,1377,5,1,80.0,88.0,80.0,38,78.9,557,20,3771,63.8,10,0,0,52,0,0,184,4313,37,279,Q3 中高
2663,2284,3,2,,80.0,,30,70.0,1139,77,13837,43.7,21,0,0,183,0,0,0,0,1140,1247,Q4 高
239474,2284,3,1,80.0,76.0,,106,64.6,2509,7,1898,86.4,0,0,0,3,0,0,0,0,212,325,Q3 中高
175867,2284,6,1,84.0,80.0,,17,70.6,463,0,0,,0,0,0,0,60,2,530,12040,244,853,Q4 高
180013,1377,6,1,96.0,76.0,100.0,25,78.0,3093,36,5983,70.3,36,1,0,319,0,0,469,12230,0,530,Q4 高
189551,2284,2,2,96.0,76.0,,53,66.0,1553,19,4509,78.7,12,1,8,55,0,0,0,0,0,72,Q1 低
75906,2284,5,3,,64.0,80.0,0,,0,0,0,,0,0,0,0,0,339,0,0,447,786,Q4 高
75939,2284,6,1,,,84.0,9,77.8,465,0,0,,0,0,0,0,0,1,55,1495,321,386,Q3 中高
178146,2284,5,4,,,88.0,3,50.0,368,1,13,4.0,0,0,0,3,0,0,0,0,394,398,Q3 中高
27736,1377,5,1,100.0,92.0,80.0,14,53.6,1000,13,2493,75.3,0,0,0,44,0,0,65,2695,0,92,Q1 低
228994,2284,3,1,,100.0,,37,73.0,1294,11,1334,48.3,2,0,0,134,0,0,0,0,199,247,Q2 中低
230454,1377,6,2,84.0,88.0,88.0,42,54.8,349,41,7970,79.1,33,2,0,351,0,0,320,4411,0,403,Q3 中高
2865,2284,3,3,,64.0,,29,65.5,869,5,914,63.4,0,0,0,9,0,0,0,0,243,277,Q3 中高
72906,1377,6,1,100.0,96.0,96.0,4,50.0,101,29,4351,57.2,15,11,0,134,0,0,418,6027,0,451,Q3 中高
13063,1377,5,2,56.0,44.0,80.0,31,69.4,760,15,2772,71.0,12,0,0,39,0,0,129,4406,0,175,Q2 中低
75415,1377,5,3,92.0,84.0,88.0,4,50.0,60,9,1685,63.1,3,0,0,59,0,0,693,13877,0,706,Q4 高
209440,2284,6,2,,76.0,,0,,0,0,0,,0,0,0,0,0,0,105,3210,256,361,Q3 中高
88415,2284,5,2,,56.0,80.0,14,89.3,1229,4,2105,100.0,1,0,0,16,0,0,0,0,114,132,Q2 中低
75208,1377,5,3,76.0,44.0,52.0,5,40.0,52,9,1166,34.8,9,10,0,90,0,0,1713,22022,0,1727,Q4 高
122366,2284,6,4,,80.0,,0,,0,0,0,,0,0,0,0,0,0,0,0,254,254,Q2 中低
89348,2284,2,3,,96.0,,184,71.2,7020,88,17060,83.1,23,16,0,144,0,0,0,0,0,272,Q3 中高
241840,1377,6,2,88.0,92.0,96.0,29,75.9,295,43,6226,64.2,36,1,0,73,0,0,10,125,0,82,Q1 低
14637,1377,5,2,92.0,88.0,80.0,44,62.5,894,32,6575,80.5,1,0,0,43,0,0,581,15224,0,657,Q4 高
193572,2284,5,2,,,84.0,19,78.9,1379,7,2659,93.0,3,5,3,43,0,0,0,0,158,184,Q2 中低
466,2284,3,1,74.0,80.0,,55,66.4,2776,9,1306,71.4,1,0,0,12,0,0,0,0,148,212,Q2 中低
243817,2284,3,3,84.0,88.0,,0,,0,0,0,,0,0,0,0,0,0,0,0,255,255,Q2 中低
52537,1377,6,3,96.0,80.0,92.0,15,70.0,285,22,3818,56.8,2,0,0,304,0,0,5,300,0,42,Q1 低
183584,2284,4,2,,,88.0,12,70.8,742,5,1917,71.8,0,0,0,16,0,0,0,0,329,346,Q3 中高
238715,1377,6,2,88.0,84.0,96.0,25,72.0,529,26,4530,65.9,12,0,0,186,0,0,202,7667,317,570,Q4 高
249749,2284,3,4,76.0,96.0,,38,64.5,1801,8,1935,83.8,13,0,0,77,0,0,0,0,48,94,Q1 低
52089,1377,6,3,80.0,80.0,92.0,9,66.7,134,4,373,31.8,0,0,0,16,120,0,401,7586,0,534,Q4 高
75371,2284,6,3,,76.0,56.0,14,75.0,300,0,0,,0,0,0,0,0,0,115,3305,253,382,Q3 中高
228997,2284,3,2,,80.0,,15,60.0,332,9,1987,65.1,4,2,0,50,0,0,0,0,337,361,Q3 中高
51985,1377,4,3,84.0,84.0,68.0,41,64.6,640,21,4464,78.9,7,0,0,46,0,0,15,710,0,77,Q1 低
18127,1377,4,2,52.0,52.0,54.0,35,67.1,1804,41,7814,75.1,3,9,0,87,0,0,109,1360,0,185,Q2 中低
170642,1377,6,1,96.0,84.0,92.0,48,80.2,955,27,4795,59.0,3,7,0,253,0,0,690,12280,126,891,Q4 高
70075,2284,4,2,36.0,,52.0,7,78.6,208,7,2359,71.4,0,0,0,17,0,0,0,0,71,85,Q1 低
52202,1377,6,3,76.0,64.0,96.0,4,25.0,144,14,3329,81.9,11,0,0,115,0,0,217,2936,1,236,Q2 中低
121450,2284,6,3,,76.0,,11,77.3,387,0,0,,0,0,0,0,0,0,0,0,300,311,Q3 中高
238943,1377,6,2,88.0,68.0,92.0,16,53.1,255,36,7340,69.9,32,30,0,280,0,0,62,2002,53,167,Q2 中低
166039,2284,6,2,60.0,76.0,,0,,0,0,0,,0,0,0,0,0,0,5,120,20,25,Q1 低
238999,1377,6,2,64.0,40.0,84.0,48,58.3,1274,43,7085,68.9,30,7,0,275,0,0,145,5727,165,401,Q3 中高
129597,1377,3,1,80.0,76.0,,33,87.9,900,21,3937,83.8,4,4,0,177,0,0,255,3000,0,309,Q3 中高
61047,2284,4,4,88.0,,68.0,0,,0,0,0,,0,0,0,0,0,0,0,0,878,878,Q4 高
239765,1377,6,2,92.0,40.0,100.0,17,79.4,171,44,7323,67.9,32,8,0,428,0,0,45,2420,0,106,Q1 低
170169,1377,6,1,88.0,68.0,96.0,21,81.0,604033,34,7317,69.9,27,34,0,258,0,0,442,13157,0,497,Q4 高
75595,2284,6,4,,72.0,84.0,0,,0,0,0,,0,0,0,0,0,0,5,205,305,310,Q3 中高
73206,1377,6,1,64.0,84.0,96.0,11,77.3,193,14,3162,61.9,1,0,0,1569,0,0,501,9294,0,526,Q4 高
178282,2284,5,4,,,76.0,47,69.1,2303,7,891,33.7,10,0,0,19,0,0,0,0,415,469,Q4 高
179767,1377,6,1,76.0,56.0,72.0,96,65.1,4718,86,17884,84.0,12,1,0,270,0,0,15,540,0,197,Q2 中低
2475,2284,3,2,68.0,68.0,,0,,0,4,1304,54.5,4,0,0,70,0,0,0,0,254,258,Q2 中低
158918,2284,5,2,72.0,,92.0,28,76.8,2124,6,2385,90.0,2,0,0,14,0,0,0,0,370,404,Q3 中高
238446,2284,3,4,80.0,,,108,86.1,6398,92,19013,80.1,7,0,24,81,0,0,0,0,630,830,Q4 高
3276,2284,3,2,68.0,44.0,,0,,0,8,1366,76.2,6,2,1,48,0,0,0,0,134,142,Q2 中低
244127,1377,6,2,84.0,88.0,96.0,12,66.7,179,15,2956,59.9,27,2,0,173,0,0,0,0,0,27,Q1 低
77526,1377,3,1,88.0,92.0,,23,71.7,626,13,3004,83.0,8,0,4,34,0,0,0,0,0,36,Q1 低
51970,1377,6,3,88.0,84.0,96.0,14,71.4,744,41,7715,65.6,92,10,0,342,0,0,553,9247,175,783,Q4 高
80433,2284,6,1,36.0,12.0,40.0,11,68.2,256,1,182,43.0,0,0,0,6,0,0,250,10655,35,297,Q3 中高
141346,2284,6,3,68.0,64.0,,0,,0,0,0,,0,0,0,0,0,0,100,3975,98,198,Q2 中低
125252,2284,6,1,,80.0,,7,85.7,911,0,0,,0,0,0,0,0,0,275,5985,206,488,Q4 高
94080,2284,2,2,,76.0,,92,60.3,2447,17,4391,75.2,6,0,0,81,0,0,0,0,0,109,Q1 低
251097,2284,3,4,,84.0,,24,66.7,844,2,463,57.0,0,0,0,9,0,0,0,0,289,315,Q3 中高
76158,2284,6,2,88.0,48.0,60.0,0,,0,0,0,,0,0,0,0,0,0,0,0,41,41,Q1 低
147236,2284,6,3,,64.0,,0,,0,0,0,,0,0,0,0,0,0,0,0,209,209,Q2 中低
6622,1377,5,2,100.0,88.0,96.0,6,33.3,624,14,2201,61.6,2,0,0,29,0,0,413,17053,0,433,Q3 中高
132515,1377,5,1,80.0,64.0,72.0,8,68.8,176,23,3716,55.7,14,9,0,96,0,0,0,0,0,31,Q1 低
87937,2284,5,1,,60.0,84.0,0,,0,0,0,,0,0,0,0,0,0,0,0,202,202,Q2 中低
98073,2284,4,2,,60.0,,3,66.7,165,4,807,61.8,0,0,0,5,0,0,0,0,8,15,Q1 低
228921,2284,3,2,,84.0,,28,78.6,843,15,2014,52.7,5,0,0,79,0,0,0,0,673,716,Q4 高
86496,2284,5,1,,64.0,,0,,0,0,0,,0,0,0,0,0,0,0,0,634,634,Q4 高
88026,2284,5,4,64.0,44.0,72.0,4,75.0,162,1,94,36.0,0,0,0,1,0,0,0,0,276,281,Q3 中高
183651,2284,4,1,,,54.0,14,73.9,376,0,0,,0,0,0,0,0,0,0,0,249,263,Q3 中高
178381,2284,5,3,,,92.0,18,66.7,426,0,0,,0,0,0,0,0,19,0,0,196,233,Q2 中低
75110,1377,5,3,72.0,72.0,72.0,7,50.0,457,4,925,77.8,0,0,0,22,0,0,213,3488,0,224,Q2 中低
2766,2284,3,1,,84.0,,27,72.9,1183,5,1065,82.4,1,0,0,10,0,0,0,0,314,346,Q3 中高
77402,1377,5,3,88.0,72.0,80.0,95,65.3,3338,71,13311,83.8,13,0,0,187,0,0,170,4555,0,336,Q3 中高
88271,2284,5,1,,92.0,76.0,0,,0,7,2,0.1,0,0,0,1,0,0,0,0,183,190,Q2 中低
184449,2284,4,1,,,88.0,14,67.9,801,5,228,52.2,0,0,0,6,0,0,0,0,97,116,Q1 低
1016,1377,6,2,88.0,60.0,84.0,3,50.0,33,25,4270,62.1,20,6,0,237,0,0,15,305,0,43,Q1 低
75272,2284,6,2,,,56.0,0,,0,1,7,3.0,2,0,0,3,0,0,0,0,83,84,Q1 低
56500,1377,6,3,84.0,68.0,96.0,46,78.3,499,34,8281,75.5,16,49,0,297,0,0,412,9005,0,492,Q4 高
75816,1377,5,3,84.0,88.0,72.0,6,66.7,67,24,2833,41.8,10,0,0,248,0,0,878,19023,0,908,Q4 高
13020,1377,5,2,80.0,92.0,100.0,16,68.8,200,22,3315,61.2,14,2,0,103,0,0,445,12935,41,524,Q4 高
13053,1377,5,2,88.0,60.0,68.0,53,69.8,997,44,8968,74.0,5,0,0,137,0,0,251,6936,0,348,Q3 中高
194425,2284,4,1,,84.0,,29,63.8,649,1,228,100.0,0,0,0,5,0,0,0,0,164,194,Q2 中低
75066,2284,6,1,72.0,40.0,48.0,56,67.0,1735,5,472,80.0,1,0,0,10,20,0,70,3950,41,192,Q2 中低
14737,1377,5,2,100.0,92.0,92.0,31,80.6,711,19,3261,76.5,6,0,0,1997,0,0,656,22342,0,706,Q4 高
170744,1377,6,1,80.0,68.0,92.0,11,95.5,273,29,4856,50.0,47,6,0,135,0,0,522,20183,0,562,Q4 高
88959,2284,2,2,92.0,100.0,,38,57.9,2193,15,4632,78.9,1,1,0,32,0,0,0,0,0,53,Q1 低
70178,2284,4,2,56.0,,62.0,28,62.5,10428,8,2886,62.5,4,0,0,44,0,0,0,0,378,414,Q3 中高
216161,2284,6,1,,84.0,,27,85.2,7403,0,0,,0,0,0,0,0,0,60,1245,73,160,Q2 中低
170372,1377,6,1,88.0,92.0,88.0,12,75.0,327,19,3595,66.5,12,7,0,154,0,0,325,7507,0,356,Q3 中高
39073,1377,5,1,100.0,92.0,100.0,121,88.8,2568,55,11277,68.5,5,10,0,3336,1240,907,452,20689,0,2775,Q4 高
93701,2284,2,2,76.0,88.0,,64,49.2,1155,12,1662,59.8,6,0,0,27,0,0,0,0,0,76,Q1 低
13295,1377,5,2,96.0,88.0,96.0,43,69.8,800,27,5864,75.5,15,9,0,96,0,0,593,31786,0,663,Q4 高
51593,1377,4,3,100.0,96.0,64.0,33,71.2,1583,21,5063,92.0,1,0,0,33,0,0,0,0,0,54,Q1 低
76422,2284,6,2,92.0,72.0,84.0,0,,0,0,0,,0,0,0,0,0,0,0,0,23,23,Q1 低
93893,2284,2,1,,84.0,,24,77.1,986,24,6342,77.8,3,4,0,24,0,0,0,0,0,48,Q1 低
127846,2284,4,4,72.0,68.0,72.0,0,,0,0,0,,0,0,0,0,0,0,0,0,236,236,Q2 中低
94078,2284,2,1,86.0,76.0,,34,66.2,1384,22,6457,94.5,2,1,0,53,0,0,0,0,0,56,Q1 低
228998,2284,3,2,,64.0,,3,50.0,66,10,1801,44.2,3,0,0,38,0,0,0,0,305,318,Q3 中高
178344,2284,5,4,,,88.0,26,90.4,1107,4,1485,100.0,0,1,0,3,0,0,0,0,450,480,Q4 高
184411,2284,4,1,,,90.0,13,88.5,480,1,228,100.0,0,0,0,2,0,0,0,0,296,310,Q3 中高
75855,2284,5,2,,32.0,52.0,27,74.1,2028,13,3965,76.7,0,1,0,29,0,0,0,0,150,190,Q2 中低
167466,2284,5,2,,,72.0,19,94.7,1418,5,2385,100.0,14,3,0,186,0,0,0,0,444,468,Q4 高
113961,1377,5,3,84.0,44.0,72.0,70,67.9,1846,60,11356,79.9,16,0,0,195,0,0,701,26272,0,831,Q4 高
184828,1377,6,1,88.0,80.0,96.0,25,68.0,663,41,9261,76.5,34,22,0,219,0,0,105,11702,0,171,Q2 中低
93845,2284,2,1,,92.0,,23,63.0,1455,18,6531,91.0,8,0,0,20,0,0,0,0,0,41,Q1 低
170382,1377,6,1,84.0,72.0,84.0,11,86.4,291,31,7440,78.3,11,1,0,161,0,0,369,9779,0,411,Q3 中高
13877,1377,5,2,92.0,76.0,88.0,9,72.2,135,14,2906,74.2,5,0,0,984,0,0,456,11994,0,479,Q4 高
184349,2284,4,4,,,100.0,0,,0,0,0,,0,0,0,0,0,0,0,0,36,36,Q1 低
240896,1377,6,2,100.0,88.0,80.0,3,83.3,48,20,3136,56.1,20,0,0,484,0,0,0,0,19,42,Q1 低
27279,1377,5,1,96.0,92.0,92.0,7,85.7,94,22,4826,75.2,1,1,0,45,0,0,0,0,11,40,Q1 低
215864,2284,6,1,,80.0,,41,78.0,1737,1,1,0.0,0,0,0,1,40,0,340,6985,717,1139,Q4 高
178455,2284,5,2,,,76.0,33,74.2,2697,10,3165,80.7,0,0,0,26,0,35,0,0,246,324,Q3 中高
229501,2284,3,2,42.0,40.0,,10,35.0,337,7,2225,95.0,0,1,0,3,0,0,0,0,238,255,Q2 中低
230630,1377,6,2,88.0,52.0,92.0,35,71.4,877,58,13566,79.0,68,42,0,461,0,0,89,1135,0,182,Q2 中低
180923,2284,2,2,86.0,,,26,50.0,1912,23,6983,85.8,5,2,0,56,0,0,0,0,0,49,Q1 低
229499,2284,3,2,,100.0,,1,100.0,13,0,0,,0,0,0,0,0,0,0,0,405,406,Q3 中高
76576,1377,3,3,72.0,72.0,,17,55.9,1023,20,3389,65.4,0,0,0,105,0,0,0,0,21,58,Q1 低
121277,2284,6,3,,84.0,,0,,0,0,0,,0,0,0,0,0,0,55,1455,209,264,Q3 中高
73123,1377,6,1,76.0,56.0,88.0,18,88.9,228,22,3868,53.9,8,1,0,141,0,0,305,10174,0,345,Q3 中高
52022,1377,6,3,68.0,60.0,88.0,4,100.0,887,35,5082,56.8,50,6,0,159,0,0,528,14790,0,567,Q4 高
125019,2284,6,1,,96.0,,17,94.1,2020,0,0,,0,0,0,0,0,0,35,695,583,635,Q4 高
131251,1377,3,3,28.0,36.0,,11,90.9,241,14,1350,43.1,3,0,0,295,0,0,450,8800,0,475,Q4 高
251838,2284,3,1,,80.0,,46,71.7,2408,8,1572,57.2,12,0,0,28,0,0,0,0,739,793,Q4 高
88805,2284,2,3,,88.0,,141,80.1,9449,74,16465,92.6,20,9,0,113,0,0,0,0,0,215,Q2 中低
252712,2284,3,3,,84.0,,26,80.8,888,8,1033,37.1,1,0,0,18,0,0,0,0,623,657,Q4 高
239275,1377,6,2,72.0,60.0,68.0,5,30.0,116,37,6866,64.6,26,33,0,213,0,0,0,0,0,42,Q1 低
79967,2284,5,1,,72.0,64.0,0,,0,0,0,,0,0,0,0,0,0,0,0,152,152,Q2 中低
142561,2284,6,4,,84.0,,0,,0,0,0,,0,0,0,0,0,0,5,875,316,321,Q3 中高
76268,2284,6,3,80.0,48.0,76.0,0,,0,0,0,,0,0,0,0,0,0,0,0,201,201,Q2 中低
2472,2284,3,2,60.0,60.0,,14,67.9,765,3,850,75.7,1,0,0,16,0,0,0,0,167,184,Q2 中低
170471,1377,6,1,52.0,40.0,44.0,3,66.7,49,39,5584,63.5,22,5,0,310,0,0,367,13513,0,409,Q3 中高
75825,1377,5,3,84.0,92.0,88.0,6,50.0,56,5,1100,67.0,6,0,0,1865,0,0,749,20515,0,760,Q4 高
239702,1377,6,2,96.0,84.0,80.0,30,65.0,331,22,4149,68.3,21,0,0,191,0,0,185,3755,0,237,Q2 中低
75938,2284,6,4,,,96.0,0,,0,0,0,,0,0,0,0,0,0,0,0,188,188,Q2 中低
87839,2284,5,1,,76.0,,0,,0,0,0,,0,0,0,0,130,0,0,0,1302,1432,Q4 高
52229,1377,6,3,60.0,76.0,56.0,10,45.0,98,17,4669,83.3,1,1,0,60,0,0,389,3371,0,416,Q3 中高
75473,2284,5,3,,92.0,,9,77.8,370,0,0,,0,0,0,0,60,2,0,0,782,853,Q4 高
228743,2284,3,3,,72.0,,0,,0,1,2,0.0,0,0,0,1,0,0,0,0,71,72,Q1 低
129227,1377,4,3,48.0,56.0,68.0,25,74.0,655,18,3502,61.8,2,0,0,52,0,0,5,295,0,48,Q1 低
70078,2284,4,2,72.0,,96.0,20,92.5,547,9,3457,91.2,0,0,0,26,0,0,0,0,273,302,Q3 中高
228745,2284,3,2,,80.0,,5,80.0,194,4,867,67.5,0,0,0,5,0,0,0,0,354,363,Q3 中高
165765,2284,5,1,,,68.0,51,75.5,3105,11,5155,74.7,2,1,0,77,0,0,0,0,417,479,Q4 高
93867,2284,2,1,52.0,84.0,,11,63.6,348,11,2150,67.1,10,0,0,25,0,0,0,0,0,22,Q1 低
164256,1377,6,3,68.0,64.0,64.0,14,53.6,150,13,2728,70.1,3,3,0,39,0,0,302,5983,0,329,Q3 中高
70359,2284,5,3,76.0,88.0,60.0,76,74.3,4948,6,2620,79.7,0,0,0,130,0,0,0,0,21,103,Q1 低
229016,2284,3,3,,60.0,,0,,0,1,185,47.0,0,0,0,2,0,0,0,0,236,237,Q2 中低
251092,2284,3,3,,84.0,,0,,0,1,1,0.0,0,0,0,1,0,0,0,0,573,574,Q4 高
70502,2284,5,3,92.0,76.0,,68,50.7,6911,8,4783,77.9,1,3,0,30,0,0,0,0,272,348,Q3 中高
130064,2284,4,3,,,76.0,0,,0,0,0,,0,0,0,0,0,0,0,0,135,135,Q2 中低
75072,2284,6,1,60.0,60.0,60.0,0,,0,0,0,,0,0,0,0,0,0,275,7330,16,291,Q3 中高
177942,2284,5,2,,,84.0,21,85.7,3838,7,2106,65.3,2,0,0,12,0,0,0,0,212,240,Q2 中低
80753,2284,6,3,,72.0,36.0,0,,0,0,0,,0,0,0,0,0,0,0,0,276,276,Q3 中高
80291,2284,5,3,,76.0,88.0,45,66.7,1059,0,0,,0,0,0,0,0,0,0,0,519,564,Q4 高
89352,2284,2,2,,92.0,,40,88.8,4480,14,5093,94.0,14,2,2,68,0,0,0,0,0,54,Q1 低
98589,2284,4,1,,80.0,,22,67.5,453,1,31,14.0,0,0,0,4,0,0,0,0,79,102,Q1 低
141726,2284,6,1,,72.0,,0,,0,3,295,38.0,2,0,0,5,10,0,320,9550,245,578,Q4 高
27845,1377,5,1,96.0,84.0,92.0,18,61.1,190,21,4320,63.7,6,4,0,50,0,0,70,2505,0,109,Q1 低
122013,2284,4,1,,92.0,84.0,21,59.5,543,0,0,,0,0,0,0,0,0,0,0,13,34,Q1 低
98492,2284,4,2,,88.0,,1,100.0,21,3,697,70.0,0,0,0,8,0,0,0,0,51,55,Q1 低
51787,1377,6,3,92.0,84.0,76.0,18,77.8,251,45,8308,73.0,15,19,0,150,0,0,105,3955,0,168,Q2 中低
76036,2284,6,2,,56.0,28.0,0,,0,0,0,,0,0,0,0,0,0,0,0,17,17,Q1 低
239005,1377,6,2,92.0,76.0,60.0,27,63.0,360,28,6396,79.7,31,0,0,224,0,0,255,4799,33,343,Q3 中高
180313,1377,6,1,96.0,92.0,88.0,13,76.9,288,42,8467,73.8,17,6,0,299,0,0,638,14768,497,1190,Q4 高
75936,2284,6,2,,88.0,68.0,0,,0,0,0,,0,0,0,0,0,0,90,3605,8,98,Q1 低
147132,2284,6,3,,92.0,,0,,0,0,0,,0,0,0,0,0,0,25,450,164,189,Q2 中低
75170,2284,6,2,64.0,52.0,40.0,0,,0,0,0,,0,0,0,0,0,0,10,630,249,259,Q2 中低
75725,2284,6,1,,,68.0,11,63.6,140,0,0,,0,0,0,0,0,0,100,3995,68,179,Q2 中低
75493,2284,6,3,56.0,40.0,32.0,25,64.0,691,0,0,,0,0,0,0,0,0,0,0,593,618,Q4 高
189828,2284,2,1,,88.0,,7,92.9,1896,7,2738,86.9,1,0,0,9,0,0,0,0,0,14,Q1 低
2784,2284,3,3,,72.0,,0,,0,0,0,,0,0,0,0,0,0,0,0,234,234,Q2 中低
124902,2284,6,1,,76.0,,2,100.0,437,0,0,,0,0,0,0,0,0,0,0,149,151,Q2 中低
52398,1377,6,2,52.0,76.0,60.0,3,66.7,82,12,1126,29.7,4,0,0,296,0,0,5,85,162,182,Q2 中低
80289,2284,5,4,,88.0,,68,68.4,91456,12,4138,64.2,10,0,0,38,0,0,0,0,488,568,Q4 高
84244,2284,6,3,76.0,60.0,60.0,8,62.5,478,0,0,,0,0,0,0,40,0,55,2250,119,222,Q2 中低
51515,1377,6,3,80.0,48.0,80.0,12,79.2,122,22,4040,74.3,8,0,0,85,0,0,0,0,0,34,Q1 低
52814,1377,6,3,88.0,76.0,96.0,27,61.1,837,36,6983,78.6,21,18,0,217,0,0,270,5990,10,343,Q3 中高
86469,2284,5,1,,84.0,96.0,0,,0,0,0,,0,0,0,0,0,0,0,0,323,323,Q3 中高
252831,2284,3,1,,96.0,,31,77.4,1195,5,815,70.2,0,0,0,10,0,0,0,0,164,200,Q2 中低
93898,2284,2,1,,92.0,,36,59.7,741,15,5686,93.9,10,0,0,34,0,0,0,0,0,51,Q1 低
93753,2284,2,1,52.0,64.0,,17,64.7,678,16,2678,68.3,6,0,0,130,0,0,0,0,0,33,Q1 低
230106,2284,3,1,82.0,,,13,73.1,419,1,25,7.0,0,0,0,1,0,0,0,0,513,527,Q4 高
2068,2284,3,4,,84.0,,42,54.8,851,3,376,35.0,0,0,0,8,0,0,0,0,454,499,Q4 高
121630,2284,6,3,,84.0,,20,80.0,556,0,0,,0,0,0,0,0,11,0,0,326,357,Q3 中高
94149,2284,2,1,78.0,88.0,,28,66.1,965,32,7104,66.3,5,0,0,75,0,0,0,0,0,60,Q1 低
230963,2284,3,3,80.0,,,0,,0,0,0,,0,0,0,0,0,0,0,0,70,70,Q1 低
229503,2284,3,1,,80.0,,22,84.1,1716,23,5108,93.8,1,0,0,17,0,0,0,0,588,633,Q4 高
93669,2284,2,1,96.0,96.0,,32,60.9,798,22,6679,80.1,4,3,0,49,0,0,0,0,0,54,Q1 低
80095,2284,6,3,76.0,80.0,48.0,17,67.6,403,0,0,,0,0,0,0,10,0,50,930,661,738,Q4 高
14047,1377,5,2,88.0,92.0,72.0,25,68.0,714,12,2374,65.2,1,0,0,71,0,0,122,2014,0,159,Q2 中低
170622,1377,6,1,80.0,48.0,84.0,10,70.0,728,42,6176,66.7,13,2,0,231,0,0,399,8943,0,451,Q3 中高
94092,2284,2,1,76.0,84.0,,34,68.4,2282,20,5458,85.6,7,0,0,37,0,0,0,0,0,54,Q1 低
170743,1377,6,1,52.0,68.0,60.0,25,56.0,511,30,5006,67.1,26,0,0,231,0,0,541,9879,0,596,Q4 高
252023,2284,3,2,,76.0,,11,72.7,1030,15,4027,83.0,2,0,0,36,0,0,0,0,206,232,Q2 中低
98330,2284,4,4,,92.0,,0,,0,0,0,,0,0,0,0,0,0,0,0,500,500,Q4 高
87196,2284,5,1,,72.0,,0,,0,0,0,,0,0,0,0,0,0,0,0,307,307,Q3 中高
93778,2284,2,2,,80.0,,24,66.7,611,18,5000,66.7,23,1,1,74,0,0,0,0,0,42,Q1 低
51943,1377,6,3,76.0,68.0,44.0,9,72.2,171,22,2814,67.3,6,4,0,84,0,0,530,14175,0,561,Q4 高
147021,2284,6,3,,64.0,,0,,0,0,0,,0,0,0,0,40,0,35,1265,400,475,Q4 高
14940,1377,5,2,96.0,80.0,96.0,16,81.2,199,24,3339,59.8,3,0,0,569,0,0,269,6015,1,310,Q3 中高
169038,1377,2,1,98.0,96.0,,0,,0,2,767,100.0,0,0,0,5,0,0,0,0,0,2,Q1 低
169177,1377,6,1,92.0,76.0,96.0,31,69.4,1307,40,8881,77.2,13,7,1,214,0,0,319,13585,0,390,Q3 中高
75777,1377,5,3,96.0,88.0,96.0,2,25.0,20,10,1603,61.4,4,0,0,27,0,0,496,13940,0,508,Q4 高
72784,2284,5,3,,76.0,84.0,3,50.0,137,1,2,0.0,0,0,0,1,0,0,0,0,87,91,Q1 低
183928,2284,4,1,,,88.0,16,81.2,578,5,273,46.2,0,0,0,6,0,0,0,0,326,347,Q3 中高
168571,1377,2,1,92.0,88.0,,0,,0,1,383,100.0,0,0,0,3,0,0,0,0,0,1,Q1 低
87645,2284,5,2,,72.0,76.0,17,76.5,691,4,2105,100.0,2,1,0,16,0,0,0,0,61,82,Q1 低
170839,1377,6,1,92.0,80.0,96.0,12,91.7,274,35,6623,72.6,52,5,0,301,0,0,316,15215,0,363,Q3 中高
73324,2284,4,1,,,88.0,4,87.5,134,0,0,,0,0,0,0,0,0,0,0,51,55,Q1 低
78205,1377,3,4,84.0,92.0,,29,60.3,603862,17,3333,73.8,1,0,0,76,0,0,653,13067,0,699,Q4 高
75497,2284,5,4,,80.0,80.0,9,50.0,35445,4,1100,75.2,1,0,0,11,0,0,0,0,252,265,Q3 中高
60374,2284,6,1,44.0,32.0,68.0,15,66.7,170,1,22,7.0,0,0,0,2,0,0,340,6120,38,394,Q3 中高
75112,1377,5,3,92.0,80.0,76.0,4,75.0,102,11,1694,62.8,2,0,0,54,0,0,387,8581,0,402,Q3 中高
240765,1377,6,2,88.0,72.0,88.0,8,68.8,289,18,4033,75.3,13,10,0,135,0,0,110,4500,0,136,Q2 中低
76666,2284,6,2,,,84.0,0,,0,0,0,,0,0,0,0,30,0,195,10050,38,263,Q3 中高
86372,2284,5,2,,88.0,,26,78.8,1400,10,2092,67.4,9,5,4,48,10,0,0,0,106,152,Q2 中低
78872,1377,5,3,96.0,88.0,88.0,16,62.5,269,12,2600,70.8,0,0,0,48,0,0,283,8775,32,343,Q3 中高
212842,2284,6,4,,72.0,,0,,0,0,0,,0,0,0,0,0,0,0,0,235,235,Q2 中低
29231,1377,5,1,88.0,68.0,84.0,12,79.2,267,19,3739,68.9,2,0,0,57,0,0,105,5170,0,136,Q2 中低
75069,1377,5,3,96.0,76.0,88.0,11,59.1,129,8,1262,82.5,16,0,0,72,0,0,659,14793,0,678,Q4 高
80086,2284,6,4,80.0,64.0,56.0,0,,0,0,0,,0,0,0,0,0,0,0,0,16,16,Q1 低
184409,2284,4,4,,,92.0,0,,0,0,0,,0,0,0,0,0,0,0,0,351,351,Q3 中高
79251,1377,5,3,96.0,80.0,92.0,0,,0,5,1000,68.0,0,0,0,26,0,0,444,5861,119,568,Q4 高
121691,2284,6,2,,72.0,,0,,0,0,0,,0,0,0,0,0,0,0,0,17,17,Q1 低
241568,1377,6,2,88.0,80.0,92.0,26,69.2,352,37,7016,76.6,21,38,0,197,0,0,187,5059,0,250,Q2 中低
34771,1377,5,1,56.0,76.0,72.0,32,67.2,871530,28,5237,73.9,2,4,0,87,0,0,200,4390,0,260,Q2 中低
72823,2284,4,3,52.0,,92.0,8,81.2,174,0,0,,0,0,0,0,0,0,0,0,194,202,Q2 中低
52983,1377,6,3,92.0,60.0,96.0,24,72.9,377,30,5445,56.5,3,0,0,125,0,0,253,6743,0,307,Q3 中高
26970,1377,5,1,84.0,72.0,68.0,24,56.2,445,32,4813,54.0,30,0,0,233,0,0,10,3285,114,180,Q2 中低
13107,1377,5,2,92.0,80.0,88.0,16,50.0,276,20,2877,68.9,2,0,0,37,0,0,85,5570,84,205,Q2 中低
146871,2284,6,3,60.0,68.0,,0,,0,0,0,,0,0,0,0,0,23,0,0,151,174,Q2 中低
178311,2284,5,4,,,84.0,8,75.0,476,5,341,51.2,0,0,1,5,0,0,0,0,26,39,Q1 低
70332,2284,5,1,52.0,40.0,48.0,0,,0,1,11,4.0,0,0,0,2,80,9,0,0,540,630,Q4 高
70065,2284,4,2,48.0,56.0,48.0,3,33.3,193,3,970,100.0,0,0,0,1,0,0,0,0,39,45,Q1 低
88399,2284,4,3,,88.0,72.0,0,,0,0,0,,0,0,0,0,0,4,0,0,318,322,Q3 中高
75060,2284,6,1,,68.0,64.0,0,,0,0,0,,0,0,0,0,0,0,140,5340,265,405,Q3 中高
80909,1377,5,3,92.0,80.0,84.0,2,50.0,44,6,1080,50.5,0,0,0,23,0,0,65,3550,0,73,Q1 低
51408,1377,6,3,88.0,80.0,96.0,29,79.3,3169,35,7740,78.0,12,14,0,161,0,0,313,12794,0,377,Q3 中高
140228,2284,6,1,,68.0,,15,80.0,1982,3,314,69.3,0,0,0,12,80,0,325,4660,111,534,Q4 高
79913,2284,6,4,,,60.0,0,,0,0,0,,0,0,0,0,0,0,20,440,330,350,Q3 中高
75413,1377,3,1,88.0,80.0,,31,69.4,1975,28,4254,69.9,9,1,0,69,0,0,527,18564,0,586,Q4 高
88836,2284,2,2,,92.0,,76,65.1,2712,18,4961,74.3,3,0,1,43,0,0,0,0,0,94,Q1 低
75257,2284,6,2,68.0,44.0,52.0,0,,0,1,14,5.0,0,0,0,2,0,0,0,0,428,429,Q3 中高
70334,2284,4,2,52.0,,50.0,9,44.4,279,6,1702,76.3,0,0,0,5,0,0,0,0,35,50,Q1 低
75484,2284,5,3,,52.0,84.0,22,70.5,881,0,0,,0,0,0,0,60,1,0,0,339,422,Q3 中高
231,2284,3,1,56.0,60.0,,24,43.8,1651,0,0,,0,0,0,0,0,0,0,0,111,135,Q2 中低
180502,1377,6,1,100.0,92.0,100.0,38,78.9,864,38,6977,70.5,23,3,0,256,0,0,295,10538,0,371,Q3 中高
80745,2284,6,3,84.0,76.0,68.0,8,56.2,108,0,0,,0,0,0,0,0,0,0,0,76,84,Q1 低
242894,1377,6,2,92.0,100.0,100.0,26,71.2,547,33,7263,75.7,15,0,0,207,0,0,131,5356,0,190,Q2 中低
6792,1377,5,2,88.0,80.0,96.0,36,56.9,420,48,11116,78.6,8,2,0,150,0,0,956,22392,0,1040,Q4 高
93668,2284,2,1,,100.0,,9,61.1,86561,14,3790,85.2,1,0,0,13,0,0,0,0,0,23,Q1 低
122334,2284,6,4,,88.0,,0,,0,0,0,,0,0,0,0,0,0,0,0,42,42,Q1 低
