類型,名稱,科目,嘗試次數,錯誤次數,正確率
能力指標, 推論理解[一]/句子情緒推論,國語文108,20,6,70.0
能力指標, 推論理解[一]/句子狀態推論,國語文108,2,0,100.0
能力指標, 推論理解[一]/句子角色推論,國語文108,6,2,66.7
能力指標, 推論理解[一]/段落情緒推論,國語文108,20,9,55.0
能力指標, 推論理解[二]/句子多因單果推論,國語文108,8,2,75.0
能力指標, 推論理解[二]/句子工具推論,國語文108,8,2,75.0
能力指標, 推論理解[二]/句子情緒推論,國語文108,22,3,86.4
能力指標, 推論理解[二]/句子狀態推論,國語文108,2,0,100.0
能力指標, 推論理解[二]/句子角色推論,國語文108,10,2,80.0
能力指標, 推論理解[二]/段落多因單果推論,國語文108,14,6,57.1
能力指標, 推論理解[二]/段落工具推論,國語文108,6,1,83.3
能力指標, 推論理解[二]/段落情緒推論,國語文108,16,3,81.2
能力指標, 推論理解[二]/段落狀態推論,國語文108,4,0,100.0
能力指標, 推論理解[二]/段落角色推論,國語文108,8,3,62.5
能力指標,100以內聽讀寫做。,數學108,2,0,100.0
能力指標,10以內聽讀寫做、0的使用。,數學108,6,0,100.0
能力指標,30以內聽讀寫做。,數學108,10,0,100.0
能力指標,50以內聽讀寫做。,數學108,4,2,50.0
能力指標,Chromebook鍵盤使用方法,資訊教育,4,1,75.0
能力指標,Google 地圖功能介紹,資訊教育,16,8,50.0
能力指標,Google 地圖基本操作,資訊教育,14,5,64.3
能力指標,Google 簡報的操作介面與檔案管理,資訊教育,136,42,69.1
能力指標,Google相簿-網頁版-上傳與瀏覽相片,資訊教育,26,7,73.1
能力指標,Scratch網站介紹,資訊教育,2,1,50.0
能力指標,Scratch舞台設計與認識角色,資訊教育,192,46,76.0
能力指標,Scratch角色動起來,資訊教育,158,60,62.0
能力指標,[同S-2-5-S01]認識容器和容量。,數學108,6,1,83.3
能力指標,[同S-2-5-S02]透過感官感覺，直接比較兩個容器的容量和液量。,數學108,2,0,100.0
能力指標,[同S-2-5-S03]了解容量的保留概念。,數學108,18,8,55.6
能力指標,[同S-2-5-S04]間接比較容量與液量的大小。,數學108,2,0,100.0
能力指標,[同S-2-5-S05]透過個別單位測量並比較容量與液量的大小。,數學108,4,1,75.0
能力指標,[同S-2-5-S06]認識重量和天平。,數學108,10,5,50.0
能力指標,[同S-2-5-S07]透過操作，直接比較兩個物件的重量。,數學108,12,4,66.7
能力指標,[同S-2-5-S08]透過單位物的多寡，比較物品的重量。,數學108,2,0,100.0
能力指標,[同S-2-5-S09]透過具體情境，理解重量的遞移關係。,數學108,4,4,0.0
能力指標,[同S-2-5-S10]重量的比較。,數學108,10,4,60.0
能力指標,[同S-2-5-S11]認識面「積」的定義，並透過直觀活動比較面積的大小。,數學108,6,1,83.3
能力指標,[同S-2-5-S12]能進行面積的直接比較問題。,數學108,2,0,100.0
能力指標,[同S-3-1-S01]能認識角的構成要素，並畫出一角。,數學108,26,4,84.6
能力指標,[同S-3-1-S02]能透過直接的方式比較角的大小，並明白角的大小不會因邊的長度改變。,數學108,68,33,51.5
能力指標,[同S-3-1-S03]能透過直尺、三角板、正方形、長方形認識直角。,數學108,18,2,88.9
能力指標,[同S-3-1-S04]能分辨比直角大的角和比直角小的角。,數學108,28,10,64.3
能力指標,上傳、下載檔案與文件共用,資訊教育,26,9,65.4
能力指標,中文輸入真Easy,資訊教育,30,8,73.3
能力指標,了解倍數的意義。,數學108,230,60,73.9
能力指標,了解公倍數的意義並找出兩數的公倍數。,數學108,78,12,84.6
能力指標,了解公因數的意義並找出兩數的所有公因數。,數學108,102,36,64.7
能力指標,了解分數乘法中，被乘數、乘數和積的關係。,數學108,8,4,50.0
能力指標,了解整除的意義。,數學108,150,33,78.0
能力指標,"位置-A Messy Desk (in, on, under, by",英語108,4,1,75.0
能力指標,作業系統介紹與操作-作業系統的介紹,資訊教育,24,11,54.2
能力指標,作業系統介紹與操作-視窗與滑鼠的操作,資訊教育,42,4,90.5
能力指標,作正方形、長方形、平行四邊形。,數學108,6,2,66.7
能力指標,使用Google 地圖看世界,資訊教育,8,2,75.0
能力指標,使用Google 街景尋找世界美景,資訊教育,24,10,58.3
能力指標,使用Inkscape工具繪製向量物件,資訊教育,110,25,77.3
能力指標,使用雲端硬碟電腦版,資訊教育,6,1,83.3
能力指標,使用項目符號、探索功能,資訊教育,34,11,67.6
能力指標,信件處理,資訊教育,20,7,65.0
能力指標,修辭[四]/排比,國語文108,4,1,75.0
能力指標,修辭[四]/譬喻,國語文108,6,3,50.0
能力指標,倒數計時,資訊教育,16,8,50.0
能力指標,兩個角色的互動,資訊教育,104,26,75.0
能力指標,其他簡報軟體插入投影片編號,資訊教育,22,9,59.1
能力指標,其他網路服務-Google Keep 筆記工具,資訊教育,22,6,72.7
能力指標,其他網路服務-Google 翻譯,資訊教育,22,11,50.0
能力指標,利用植物汁液檢驗水溶液的酸鹼性,自然108,2,0,100.0
能力指標,刪除與還原,資訊教育,28,11,60.7
能力指標,"動物-On the Farm (horse, duck ,cow, pig, chicken",英語108,2,0,100.0
能力指標,動物-What is that? That/It is_________.,英語108,14,1,92.9
能力指標,動物-What is this? This/It is_________.,英語108,10,4,60.0
能力指標,"動物/玩具-Yes / No Questions- Yes, it is. No, it's not.",英語108,4,0,100.0
能力指標,匯入投影片主題,資訊教育,70,22,68.6
能力指標,句義[三]/句義1,國語文108,24,10,58.3
能力指標,句義[三]/句義2,國語文108,2,0,100.0
能力指標,句義[二]/句義1,國語文108,14,4,71.4
能力指標,句義[二]/句義2,國語文108,8,4,50.0
能力指標,句義[四]/句義1,國語文108,2,0,100.0
能力指標,句義[四]/句義2,國語文108,4,1,75.0
能力指標,向左走向右走,資訊教育,72,25,65.3
能力指標,含有感測器的 micro bit 與webduino bit,資訊教育,2,2,0.0
能力指標,問候-Are You OK? What's Wrong? What's the Matter?,英語108,4,1,75.0
能力指標,問候-Good Job. Try Again.,英語108,2,0,100.0
能力指標,問候-How are you?,英語108,4,1,75.0
能力指標,問候-I'm sorry. That's Okay.,英語108,2,0,100.0
能力指標,問候-Thank You. You're Welcome.,英語108,8,4,50.0
能力指標,問答簡報是非與選擇題製作,資訊教育,104,34,67.3
能力指標,在平分的情境下，理解1/100=0.01，並進而理解0.01的意義。,數學108,24,11,54.2
能力指標,地點-Where are you?,英語108,2,1,50.0
能力指標,地點-Where is he/she?,英語108,4,1,75.0
能力指標,增刪投影片與版面配置,資訊教育,108,43,60.2
能力指標,大數的大小比較及八位數的加減直式運算。,數學108,27,6,77.8
能力指標,"天氣-Good Day -sunny, cloudy, rainy, windy, snowy",英語108,4,2,50.0
能力指標,"天氣-Good morning Taiwan (sunny, windy, cloudy, snowy, rainy",英語108,4,2,50.0
能力指標,天氣為短時間發生的大氣變化；氣候為長時間的天氣平均狀態。,國高中地球科學,8,3,62.5
能力指標,字形[一]/部首,國語文108,1,0,100.0
能力指標,字形[三]/同音字1,國語文108,3,2,33.3
能力指標,字形[三]/同音字2,國語文108,2,0,100.0
能力指標,字形[三]/同音字3,國語文108,3,0,100.0
能力指標,字形[三]/同音字4,國語文108,10,3,70.0
能力指標,字形[三]/同音字5,國語文108,40,18,55.0
能力指標,字形[三]/字體字形,國語文108,4,2,50.0
能力指標,字形[三]/形近字,國語文108,10,4,60.0
能力指標,字形[三]/查字典,國語文108,4,1,75.0
能力指標,字形[三]/部首,國語文108,14,3,78.6
能力指標,字形[二]/同音字1,國語文108,18,10,44.4
能力指標,字形[二]/同音字2,國語文108,18,8,55.6
能力指標,字形[二]/同音字3,國語文108,8,1,87.5
能力指標,字形[二]/同音字4,國語文108,4,1,75.0
能力指標,字形[二]/字體字形1,國語文108,8,0,100.0
能力指標,字形[二]/字體字形2,國語文108,6,1,83.3
能力指標,字形[二]/形近字1,國語文108,10,0,100.0
能力指標,字形[二]/形近字2,國語文108,10,1,90.0
能力指標,字形[二]/形近字3,國語文108,8,0,100.0
能力指標,字形[二]/形近字4,國語文108,8,1,87.5
能力指標,字形[二]/查字典,國語文108,16,6,62.5
能力指標,字形[二]/部首,國語文108,4,1,75.0
能力指標,字形筆畫名稱[一]/橫折,國語文108,6,2,66.7
能力指標,字形筆畫名稱[三]/豎曲鉤,國語文108,6,0,100.0
能力指標,字形筆畫名稱[三]/豎橫折,國語文108,7,4,42.9
能力指標,字形筆畫名稱[三]/長頓點,國語文108,2,0,100.0
能力指標,字形筆畫名稱[二]/橫鉤,國語文108,8,3,62.5
能力指標,字形筆順[一]/橫畫在中而突出最後寫,國語文108,6,2,66.7
能力指標,字形筆順[一]/橫豎組合字橫最後寫,國語文108,4,2,50.0
能力指標,字形筆順[一]/由橫而豎,國語文108,4,2,50.0
能力指標,字形結構[一]/左窄右寬結構,國語文108,8,3,62.5
能力指標,字形結構[三]/上長下短結構,國語文108,1,0,100.0
能力指標,字形結構[三]/左窄右寬結構,國語文108,26,13,50.0
能力指標,字形結構[二]/上短下長結構,國語文108,6,3,50.0
能力指標,字形結構[四]/左上包右下結構,國語文108,10,2,80.0
能力指標,字母-Alphabet A-Z,英語108,10,3,70.0
能力指標,字母-Alphabet Cc Dd,英語108,2,0,100.0
能力指標,字母-Alphabet Ee Ff,英語108,2,0,100.0
能力指標,字母-Alphabet Kk Ll,英語108,6,3,50.0
能力指標,字母-Alphabet Mm Nn,英語108,8,5,37.5
能力指標,字母-Alphabet N-Z,英語108,10,1,90.0
能力指標,字母-Alphabet Oo Pp,英語108,6,2,66.7
能力指標,字義[三]/字義1,國語文108,4,0,100.0
能力指標,字義[三]/字義7,國語文108,10,1,90.0
能力指標,字義[三]/字義8,國語文108,6,2,66.7
能力指標,字義[二]/字義1,國語文108,5,3,40.0
能力指標,字義[二]/字義10,國語文108,5,3,40.0
能力指標,字義[二]/字義11,國語文108,4,2,50.0
能力指標,字義[二]/字義12,國語文108,6,3,50.0
能力指標,字義[二]/字義13,國語文108,8,5,37.5
能力指標,字義[二]/字義14,國語文108,5,1,80.0
能力指標,字義[二]/字義15,國語文108,3,1,66.7
能力指標,字義[二]/字義2,國語文108,3,1,66.7
能力指標,字義[二]/字義3,國語文108,7,2,71.4
能力指標,字義[二]/字義4,國語文108,6,2,66.7
能力指標,字義[二]/字義5,國語文108,4,1,75.0
能力指標,字義[二]/字義6,國語文108,3,1,66.7
能力指標,字義[二]/字義7,國語文108,4,2,50.0
能力指標,字義[二]/字義8,國語文108,4,2,50.0
能力指標,字義[二]/字義9,國語文108,5,3,40.0
能力指標,字義[四]/字義8,國語文108,3,2,33.3
能力指標,字音[一]/本音1,國語文108,3,3,0.0
能力指標,字音[一]/本音2,國語文108,6,2,66.7
能力指標,字音[一]/輕音,國語文108,4,2,50.0
能力指標,字音[三]/多音1,國語文108,6,2,66.7
能力指標,字音[三]/多音2,國語文108,38,20,47.4
能力指標,字音[三]/多音3,國語文108,12,3,75.0
能力指標,字音[三]/多音4,國語文108,14,8,42.9
能力指標,字音[三]/本音1,國語文108,4,1,75.0
能力指標,字音[三]/本音2,國語文108,2,0,100.0
能力指標,字音[三]/本音3,國語文108,4,0,100.0
能力指標,字音[二]/多音1,國語文108,8,0,100.0
能力指標,字音[二]/多音2,國語文108,4,0,100.0
能力指標,字音[二]/本音1,國語文108,6,3,50.0
能力指標,字音[二]/本音2,國語文108,8,1,87.5
能力指標,字音[二]/輕音,國語文108,8,1,87.5
能力指標,字音[五]/多音2,國語文108,2,2,0.0
能力指標,字音[四]/本音1,國語文108,8,2,75.0
能力指標,安裝雲端硬碟電腦版,資訊教育,16,6,62.5
能力指標,"家人-My Family -father, mother, grandpa, grandma, sister, brother",英語108,2,0,100.0
能力指標,家人-Who is he/ she? (Family Member)  He is my brother/ father/ grandpa. She is my sister/ mother/ grandma. ,英語108,2,0,100.0
能力指標,"家人-Who's he? He's my brother/father.  Who's she? She's my sister,/mother.",英語108,8,2,75.0
能力指標,寫一封信件給老師,資訊教育,24,9,62.5
能力指標,常見控制板模擬器與arcade,資訊教育,4,2,50.0
能力指標,建立「倍」的概念和理解乘法的意義，解決2、5、10整數倍問題以及乘法中前、後項乘法算式的關係。,數學108,46,12,73.9
能力指標,建立「倍」的概念和理解乘法的意義，解決3、6、9的整數倍問題以及乘法中前、後項乘法算式的關係。,數學108,22,4,81.8
能力指標,建立「倍」的概念和理解乘法的意義，解決4、8、7的整數倍問題以及乘法中前、後項乘法算式的關係。,數學108,40,5,87.5
能力指標,建立自創角色,資訊教育,152,48,68.4
能力指標,"情緒-Are You ________? -sad, happy, hungry, tired, angry",英語108,4,2,50.0
能力指標,"情緒-Feelings (angry, happy, sad, sick, tired)",英語108,4,1,75.0
能力指標,應用探索功能-插入圖片,資訊教育,98,36,63.3
能力指標,應用速度常用單位。,數學108,4,2,50.0
能力指標,成功的簡報--上台報告的要點,資訊教育,12,2,83.3
能力指標,成功的簡報--簡報的要點,資訊教育,12,0,100.0
能力指標,成功與失敗,資訊教育,22,9,59.1
能力指標,我是小畫家-繪圖工具的介紹,資訊教育,46,18,60.9
能力指標,我是小畫家-繪圖工具的應用,資訊教育,20,9,55.0
能力指標,"房間名稱-Favorite Place At Home -living room, dining room, bedroom, bathroom, kitchen",英語108,10,4,60.0
能力指標,"房間名稱-Visiting a friend's house -bedroom, kitchen, living room, bathroom, dining room",英語108,2,0,100.0
能力指標,手繪與物件順序-繪製樹木與物件順序,資訊教育,30,14,53.3
能力指標,手繪與物件順序-繪製白雲,資訊教育,36,8,77.8
能力指標,控制大花貓,資訊教育,104,31,70.2
能力指標,推論理解[三]/句子後果推論,國語文108,2,0,100.0
能力指標,插入圖案,資訊教育,32,11,65.6
能力指標,插入影片,資訊教育,32,7,78.1
能力指標,插入資料來源及投影片編號,資訊教育,36,18,50.0
能力指標,教室用語-How are you?,英語108,2,0,100.0
能力指標,教室用語-Listen!,英語108,2,0,100.0
能力指標,教室用語-Look!,英語108,2,0,100.0
能力指標,教室用語-Raise your hand. Put down your hand.,英語108,6,4,33.3
能力指標,"教室用語-Stand Up, Bow and Sit Down.",英語108,2,0,100.0
能力指標,文具-What's this/that? It's a pencil/book/ruler.,英語108,6,1,83.3
能力指標,文章[一]/段落結構2,國語文108,4,2,50.0
能力指標,文章[一]/語句組織1,國語文108,18,8,55.6
能力指標,文章[一]/語句組織2,國語文108,24,9,62.5
能力指標,文章[三]/段落結構,國語文108,1,0,100.0
能力指標,文章[三]/篇章結構,國語文108,1,1,0.0
能力指標,文章[三]/語句組織,國語文108,2,0,100.0
能力指標,文章[二]/段落結構1,國語文108,46,22,52.2
能力指標,文章[二]/段落結構2,國語文108,48,24,50.0
能力指標,文體[一]/應用文,國語文108,2,0,100.0
能力指標,文體[一]/故事,國語文108,8,4,50.0
能力指標,文體[一]/記敘文,國語文108,4,2,50.0
能力指標,"日常生活-Make a wish -eat, walk, sleep, drink, run",英語108,4,2,50.0
能力指標,"日常生活-What are you doing? I am _______. (brushing, washing, making, reading, eating)",英語108,6,2,66.7
能力指標,"日常生活/動物-Things animals like to do -eat, sleep, drink, jump, run;  rabbit, koala, elephant, horse, dog, pig, cat, cheetah",英語108,2,0,100.0
能力指標,時間-What time is it? Part 1,英語108,6,2,66.7
能力指標,時間-What time is it? Part 2,英語108,4,2,50.0
能力指標,智慧闖關的第一步,資訊教育,54,9,83.3
能力指標,更完美的闖關製作與其他簡報軟體設定,資訊教育,58,19,67.2
能力指標,段落[二]/段意故事,國語文108,10,4,60.0
能力指標,段落[二]/段意記敘,國語文108,4,1,75.0
能力指標,段落[二]/段意詩歌,國語文108,4,1,75.0
能力指標,段落[二]/段旨故事,國語文108,58,20,65.5
能力指標,段落[二]/段旨記敘,國語文108,18,4,77.8
能力指標,段落[二]/段落訊息故事,國語文108,50,12,76.0
能力指標,段落[二]/段落訊息記敘,國語文108,10,2,80.0
能力指標,比較100以內兩個量的多少。,數學108,8,2,75.0
能力指標,水對天氣變化的影響,自然108,2,0,100.0
能力指標,消失的老鼠,資訊教育,76,22,71.1
能力指標,"物品 -From Dirty to Tidy -desk, chair, blackboard, window, door",英語108,2,0,100.0
能力指標,"物品-What's in the classroom? -window, desk, door, blackboard, chair",英語108,4,0,100.0
能力指標,"玩具-Is this/that a ________? -robot, yo-yo, kite, doll, ball",英語108,2,0,100.0
能力指標,"玩具-Mr.Dale's toy garage -top, doll, robot, yo-yo, ball",英語108,2,0,100.0
能力指標,"玩具-What a Mess! -robot, doll, yo-yo, ball",英語108,4,1,75.0
能力指標,理解三角形的三內角和為180度。,數學108,4,1,75.0
能力指標,理解三角形面積的求法，進而形成計算公式。,數學108,6,2,66.7
能力指標,理解擴分的意義，並利用擴分找出某個分數的等值分數。,數學108,42,13,69.0
能力指標,理解梯形面積的求法，進而形成計算公式。,數學108,6,3,50.0
能力指標,理解約分的意義，並利用約分找出某個分數的等值分數。,數學108,20,7,65.0
能力指標,用直式做一位小數乘以一位整數的乘法，並解決日常生活中的問題。,數學108,8,5,37.5
能力指標,用直式做二位小數乘以一位整數的乘法，並解決日常生活中的問題。,數學108,10,3,70.0
能力指標,用直式做二位小數乘以二位整數，並解決日常生活中的問題。,數學108,8,4,50.0
能力指標,用直式做二位小數的加法計算，並解決日常生活中的問題。,數學108,24,11,54.2
能力指標,用直式做二位小數的減法計算，並解決日常生活中的問題。,數學108,12,4,66.7
能力指標,用邊長辨認正三角形和等腰三角形。,數學108,8,3,62.5
能力指標,略過投影片與投影播放,資訊教育,52,14,73.1
能力指標,畫出等腰三角形、正三角形和直角三角形。,數學108,26,5,80.8
能力指標,登入電子信箱郵件,資訊教育,28,7,75.0
能力指標,看信和回信,資訊教育,24,5,79.2
能力指標,知道0~100以內的數詞序列。,數學108,2,0,100.0
能力指標,知道1元、5元、10元、50元、100元、500元、1000元錢幣的相互關係。,數學108,2,0,100.0
能力指標,知道鐘面上長短針及刻度的意義。,數學108,28,10,64.3
能力指標,"算數-Number (one, two, three, four, five, six)",英語108,2,0,100.0
能力指標,"算數-The Very Hungry Monkey (thirteen, fourteen, fifteen, sixteen, eighteen, nineteen)",英語108,2,0,100.0
能力指標,"算術/購物/食物-Buying Snacks for a Field Trip (ten, twenty, thirty, forty, fifty)",英語108,2,0,100.0
能力指標,管理聯絡人與寄送郵件,資訊教育,12,3,75.0
能力指標,節慶 -Tomb Sweeping Day,英語108,4,1,75.0
能力指標,篇章[二]/篇意詩歌,國語文108,5,2,60.0
能力指標,篇章[二]/篇章訊息記敘,國語文108,42,26,38.1
能力指標,簡報圖片配色與圖層概念,資訊教育,32,15,53.1
能力指標,簡報投影片轉換,資訊教育,18,7,61.1
能力指標,簡報物件動畫設計,資訊教育,40,28,30.0
能力指標,簡報的基本概念,資訊教育,8,1,87.5
能力指標,簡報的應用程式,資訊教育,24,12,50.0
能力指標,簡報製作注意要點,資訊教育,16,3,81.2
能力指標,簡報製作的觀念與規劃,資訊教育,68,13,80.9
能力指標,細說變數,資訊教育,114,39,65.8
能力指標,網站規範與法律規範,資訊教育,8,2,75.0
能力指標,網路言論的禮貌與尊重,資訊教育,18,6,66.7
能力指標,"職業/家人-Is He/She a Doctor? (firefighter, worker, nurse, doctor, hair stylist, student)",英語108,6,1,83.3
能力指標,"職業/工作-Jobs-doctor, nurse, cook, teacher, student",英語108,4,2,50.0
能力指標,能了解小數乘以10倍和100倍時，小數點位置的處理。,數學108,12,6,50.0
能力指標,能以1公分和1公尺為單位，進行長度的估測活動。,數學108,36,20,44.4
能力指標,能以1公分和1公尺為單位，進行長度的實測活動。,數學108,60,18,70.0
能力指標,能以一維或二維表格整理生活中之有序資料。,數學108,80,26,67.5
能力指標,能以公分、毫米與公尺的關係對實物的長度進行估測。,數學108,10,0,100.0
能力指標,能以公升、毫升為單位進行乘除計算。,數學108,2,0,100.0
能力指標,能以公升、毫升為單位進行估測。,數學108,4,0,100.0
能力指標,能以公升、毫升為單位進行加減計算。,數學108,2,0,100.0
能力指標,能以直式計算解決整十乘以一位數、整百乘以一位數的問題。,數學108,40,5,87.5
能力指標,能以符號表示數學公式。,數學108,60,12,80.0
能力指標,能使用1元、5元、10元、50元的錢幣進行解題活動。,數學108,2,0,100.0
能力指標,能使用斷尺畫出指定長度的線段。,數學108,12,4,66.7
能力指標,能使用直式計算，解決四位數不退位減法問題。,數學108,12,0,100.0
能力指標,能使用直式計算，解決四位數不進位加法問題（和＜10000）。,數學108,56,8,85.7
能力指標,能使用直式計算，解決四位數多重退位減法問題。,數學108,58,21,63.8
能力指標,能使用直式計算，解決四位數進位加法問題（和＜10000）。,數學108,54,11,79.6
能力指標,能使用短除法做質因數分解。,數學108,4,0,100.0
能力指標,能依給定圖示，用積木做立體堆疊。,數學108,2,0,100.0
能力指標,能做「公分」和「毫米」二階單位或複名數長度的加減計算。,數學108,4,1,75.0
能力指標,能做一、十、百的位值單位換算。,數學108,42,14,66.7
能力指標,能做二位數一次退位減法的直式計算。,數學108,18,5,72.2
能力指標,能做二位數不退位減法的直式計算。,數學108,60,17,71.7
能力指標,能做二位數加法和減法的應用。,數學108,50,20,60.0
能力指標,能做公斤和公克的加減計算（不進退位）。,數學108,24,3,87.5
能力指標,能做公斤和公克的單位換算，並做重量大小的比較。,數學108,18,1,94.4
能力指標,能做出簡單（接近整百）的三位數加法估算。,數學108,18,8,55.6
能力指標,能做出簡單（接近整百）的三位數減法估算。,數學108,24,7,70.8
能力指標,能做四位數大小的比較並利用不重複的數字，排出三位數、四位數，再比較大小。,數學108,30,4,86.7
能力指標,能做多位小數的大小比較與生活應用。,數學108,40,4,90.0
能力指標,能做角度之比較與計算。,數學108,16,4,75.0
能力指標,能判斷出任三個線段是否能組成三角形。,數學108,4,1,75.0
能力指標,能利用公分和毫米之間的關係做整數化聚。,數學108,8,2,75.0
能力指標,能利用已知的直徑或半徑，算出圓周長。,數學108,2,0,100.0
能力指標,能利用短除法求兩整數的最大公因數。,數學108,4,0,100.0
能力指標,能利用短除法求出兩整數的最小公倍數。,數學108,2,0,100.0
能力指標,能利用質因數分解找出兩數的最大公因數。,數學108,4,0,100.0
能力指標,能利用通分來比較異分母的大小。,數學108,14,3,78.6
能力指標,能利用通分來解決異分母的分數的加法問題。,數學108,30,10,66.7
能力指標,能利用通分來解決異分母的分數的減法問題。,數學108,32,14,56.2
能力指標,能利用通分來解決簡單異分母分數的應用問題。,數學108,12,2,83.3
能力指標,"能力-Can you _______? Yes, I/ we can. No, I/ we can’t.",英語108,4,2,50.0
能力指標,"能力-Can you/he/she _______?  -dance, draw, swim, sing, ride a bike",英語108,6,2,66.7
能力指標,能力-I Can Dance/ Jump/ Read/ Run/ Sing/ Swim/ Write.,英語108,20,5,75.0
能力指標,"能力/家人-Things my family like to do -jump, write, swim, read, sing, dance",英語108,4,2,50.0
能力指標,能區分事件發生的先後順序。,數學108,4,0,100.0
能力指標,能在「分裝」的情境中，理解除法的意義，並做除法橫式紀錄（整除情況）以解決生活問題。,數學108,62,11,82.3
能力指標,能在「分裝」的情境中，理解除法的意義，並做除法橫式紀錄（有餘數情況）以解決生活問題。,數學108,94,27,71.3
能力指標,能在「平分」的情境中，理解除法的意義，並做除法橫式紀錄（整除情況）以解決生活問題。,數學108,44,11,75.0
能力指標,能在「平分」的情境中，理解除法的意義，並做除法橫式紀錄（有餘數情況）以解決生活問題。,數學108,42,15,64.3
能力指標,"能在具體情境中,認識加法的交換律。",數學108,10,3,70.0
能力指標,能在具體情境中將乘法對加法的分配律運用於簡化計算。,數學108,2,0,100.0
能力指標,能在具體情境中將乘法對減法的分配律運用於簡化計算。,數學108,8,4,50.0
能力指標,能在具體情境中，利用加法順序改變並不影響其和的性質來簡化計算。,數學108,16,6,62.5
能力指標,能在具體情境中，理解先乘再除與先除再乘的結果是相同的。,數學108,18,8,55.6
能力指標,能在具體情境中，理解連除兩數與除以此兩數之積的結果相同。,數學108,4,2,50.0
能力指標,能在具體情境中，解決「先加後除」的兩步驟問題。,數學108,4,0,100.0
能力指標,能在具體情境中，解決「先減後除」的兩步驟問題。,數學108,4,2,50.0
能力指標,能在具體情境中，解決「先除後加」的兩步驟問題。,數學108,6,0,100.0
能力指標,能在具體情境中，解決「先除後減」的兩步驟問題。,數學108,2,0,100.0
能力指標,能在具體情境中，解決一位數的加減混合的問題。,數學108,6,1,83.3
能力指標,能在具體情境中，解決兩步驟問題（連乘，不含併式）。,數學108,2,0,100.0
能力指標,能在具體情境中，認識交換律，並可解決生活中的問題。,數學108,30,3,90.0
能力指標,能在具體情境中，認識加法順序改變並不影響其和的性質。,數學108,14,3,78.6
能力指標,能在分母為簡單整數的情況下，把分數轉換成小數。,數學108,4,2,50.0
能力指標,能在平分的具體情境中應用分數之「整數相除」的概念。,數學108,12,4,66.7
能力指標,能在數線上做整數、分數、小數的比較。,數學108,3,0,100.0
能力指標,能在數線上報讀與標記簡單分數。,數學108,22,11,50.0
能力指標,能在數線上標記一位小數。,數學108,2,0,100.0
能力指標,能在數線上進行大小比較。,數學108,8,2,75.0
能力指標,能在測量的具體情境中用分數表示「整數相除」的結果。,數學108,4,1,75.0
能力指標,能在連續量和離散量中認識真分數、假分數或帶分數。,數學108,58,12,79.3
能力指標,能報讀生活中常用的普通直長條圖以及橫長條圖。,數學108,6,1,83.3
能力指標,能報讀生活中常用的變形長條圖<堆疊、雙長條圖>。,數學108,16,4,75.0
能力指標,能報讀生活中常見的一維表格。,數學108,4,0,100.0
能力指標,能報讀生活中常見的二維表格。,數學108,8,4,50.0
能力指標,能報讀鐘面呈現的時刻。,數學108,4,0,100.0
能力指標,能夠利用有序資料來製作一般的折線圖。,數學108,66,33,50.0
能力指標,能夠利用有序資料來製作變形的折線圖。,數學108,64,28,56.2
能力指標,能夠報讀出有序資料所繪製成的統計圖。,數學108,56,21,62.5
能力指標,能寫出100到1000的數詞序列。,數學108,44,19,56.8
能力指標,能將一個三位數分解成幾個百、幾個十和幾個一。,數學108,18,7,61.1
能力指標,能將二步驟的四則混合計算問題用算式紀錄並求解。,數學108,8,3,62.5
能力指標,能對分數的整數倍進行計算。,數學108,54,23,57.4
能力指標,能對同分母分數做混合計算。,數學108,62,30,51.6
能力指標,能對同分母分數的大小進行比較。,數學108,54,8,85.2
能力指標,能從問題<拿走型>情境中，認識10以內減法的算式記錄和結果，並了解各數字及符號代表的意義。,數學108,4,2,50.0
能力指標,能從連加的活動中，理解乘法的意義。,數學108,46,18,60.9
能力指標,能應用「1平方公尺＝10000平方公分」進行解題。,數學108,6,4,33.3
能力指標,能應用三角形三內角和為180度，來解決相關問題。,數學108,8,2,75.0
能力指標,能應用在全等的操作下平面圖形的性質不變進行解題。,數學108,12,4,66.7
能力指標,能應用折線圖裡面所呈現的數據進行解題。,數學108,8,0,100.0
能力指標,能應用長條圖裡面所呈現的數據進行解題。,數學108,14,4,71.4
能力指標,能找出全等圖形的「對應頂點」、「對應角」與「對應邊」。,數學108,32,12,62.5
能力指標,能找出最簡單的整數比並解決生活中的問題。,數學108,4,0,100.0
能力指標,能把小數轉換成分母為簡單整數的分數。,數學108,4,1,75.0
能力指標,能掌握時針所在位置代表的正確數值。,數學108,4,2,50.0
能力指標,能描述正方體與長方體中線與面的垂直關係。,數學108,34,17,50.0
能力指標,能描述正方體與長方體中面與面的垂直關係。,數學108,38,16,57.9
能力指標,能描述正方體與長方體中面與面的平行關係。,數學108,58,13,77.6
能力指標,能描述物件的長。,數學108,6,1,83.3
能力指標,能正確使用量角器。,數學108,4,0,100.0
能力指標,能正確讀出角度的度數。,數學108,2,0,100.0
能力指標,能比較同分母分數的大小。,數學108,54,17,68.5
能力指標,能熟練30以內基本加法。,數學108,2,0,100.0
能力指標,能熟練30以內基本減法。,數學108,3,0,100.0
能力指標,能熟練「一、二、三位數乘以二位數」；「一、二位數乘以三位數」的直式計算。,數學108,2,1,50.0
能力指標,能熟練「四位數乘以一位數」的直式計算。,數學108,4,0,100.0
能力指標,能熟練三位數除以一位數，整除或有餘數的直式計算。,數學108,2,1,50.0
能力指標,能熟練同分母分數的加法。,數學108,38,17,55.3
能力指標,能熟練同分母分數的減法。,數學108,42,14,66.7
能力指標,能熟練含進位的二位數加法直式計算。,數學108,74,26,64.9
能力指標,能熟練四則運算的性質，並運用於整數四則混合計算。,數學108,4,2,50.0
能力指標,能熟練帶分數和假分數間的互換。,數學108,50,15,70.0
能力指標,能熟練無進位的二位數加法直式計算。,數學108,80,24,70.0
能力指標,能理解A=B，B=C則A=C。,數學108,14,7,50.0
能力指標,能理解A＞B，B＞C則A＞C或C＜A。,數學108,20,6,70.0
能力指標,能理解「單位分數」的意涵。,數學108,4,1,75.0
能力指標,能理解三位數乘以一位數直式計算的意義與規則。,數學108,22,9,59.1
能力指標,能理解並透過列表的方式找出最大公因數。,數學108,88,14,84.1
能力指標,能理解並透過列表的方式找出最小公倍數。,數學108,88,26,70.5
能力指標,能理解乘法對加法的分配律。,數學108,2,0,100.0
能力指標,能理解二位數乘以一位數直式計算的意義與規則。,數學108,76,37,51.3
能力指標,能理解分數乘法的意涵，並解決生活中相關問題。,數學108,6,2,66.7
能力指標,能理解加減互逆的關係。,數學108,24,8,66.7
能力指標,能理解帶分數乘以帶分數的意義。,數學108,8,4,50.0
能力指標,能理解帶分數乘以整數的意義。,數學108,6,2,66.7
能力指標,能理解平角與周角。,數學108,10,0,100.0
能力指標,能理解簡單平面圖形全等的意義。,數學108,48,17,64.6
能力指標,能理解鈍角與銳角。,數學108,18,8,55.6
能力指標,能理解長度的遞移關係。,數學108,16,3,81.2
能力指標,能理解長方形周長或面積相等，形狀不一定相同。,數學108,8,3,62.5
能力指標,能用乘法算式記錄連加活動的結果。,數學108,16,3,81.2
能力指標,能用乘法解決生活中的問題。,數學108,20,9,55.0
能力指標,能用併式列出三步驟問題的算式，並利用逐次減項的記法記錄解題活動。,數學108,26,11,57.7
能力指標,能用個別單位做長度的合成及分解活動。,數學108,2,0,100.0
能力指標,"能用個別單位實測物件的長度,並比較長短。",數學108,2,0,100.0
能力指標,能用兩個加法算式記錄解決連加兩步驟問題的解決過程。,數學108,66,27,59.1
能力指標,能用兩個減法算式記錄解決連減兩步驟問題的解決過程。,數學108,36,16,55.6
能力指標,能用分數表示整數相除的概念。,數學108,4,1,75.0
能力指標,能用加法及減法算式記錄解決先加後減的兩步驟問題。,數學108,50,18,64.0
能力指標,能用加法及減法算式記錄解決先減後加的兩步驟問題。,數學108,28,10,64.3
能力指標,能用圖形板排出指定造型。,數學108,3,0,100.0
能力指標,能用算式記錄解決18以內的併加型問題。,數學108,4,0,100.0
能力指標,能用＜、＝與＞符號在表示數字和算式間之比較意涵。,數學108,10,3,70.0
能力指標,能用＜、＝與＞符號表示數量大小的關係。,數學108,14,4,71.4
能力指標,能由2個一數、5個一數、10個一數的簡單數列唱數，推測下一個數。,數學108,6,1,83.3
能力指標,能直接比較物件的「長」、「短」、「高」、「矮」。,數學108,6,0,100.0
能力指標,能瞭解公里、公尺的關係，並作化聚。,數學108,10,4,60.0
能力指標,能瞭解圓周率是圓周長和直徑之比值，並知道圓周率大概為3.14。,數學108,2,0,100.0
能力指標,能瞭解折線圖中包含的要素<標題、橫軸、縱軸、單位、刻度間距>。,數學108,18,4,77.8
能力指標,能瞭解正方形有四個相等的邊且四個角都是直角。,數學108,34,3,91.2
能力指標,能瞭解長方形有四個邊，兩雙對邊等長且四個角都是直角。,數學108,14,2,85.7
能力指標,能瞭解長條圖中包含的要素<標題、橫軸、縱軸、單位、刻度間距>。,數學108,16,4,75.0
能力指標,能知道幾月幾日是星期幾並能分辨昨天丶今天和明天的用語及其相互關係。,數學108,8,2,75.0
能力指標,能知道正三角形與常用兩種三角板的內角。,數學108,16,6,62.5
能力指標,能知道用直尺畫出指定長度線段的方法。,數學108,24,1,95.8
能力指標,能經由長方形對角線切割成兩個直角三角形，認識該三角形面積。,數學108,2,1,50.0
能力指標,能藉由長度測量的經驗認識數線，並標記整數值。,數學108,12,1,91.7
能力指標,能複製及記錄物件的長短。,數學108,10,4,60.0
能力指標,能觀察得知兩點間線段的長度。,數學108,24,2,91.7
能力指標,能觀察與推理一維變化模式。,數學108,10,4,60.0
能力指標,能觀察鐘面圖點數兩個時刻之間的時間。,數學108,4,0,100.0
能力指標,能解決100以內加法。,數學108,2,0,100.0
能力指標,能解決100以內減法。,數學108,2,0,100.0
能力指標,能解決三位數不退位的減法用直式計算。,數學108,2,0,100.0
能力指標,能解決三位數不進位的加法直式計算。,數學108,4,1,75.0
能力指標,能解決三位數個位進十位、十位進百位、二次進位的加法直式計算。,數學108,8,5,37.5
能力指標,能解決三位數十位退個位或百位退十位的一次退位減法直式計算。,數學108,10,4,60.0
能力指標,能解決三步驟的問題，並能用併式記錄與計算。,數學108,6,3,50.0
能力指標,能解決假分數除以整數的應用問題。,數學108,6,3,50.0
能力指標,能解決兩時刻之間的時間量問題。,數學108,4,1,75.0
能力指標,能解決同分母分數的加減問題。,數學108,4,1,75.0
能力指標,能解決帶分數除以整數的應用問題。,數學108,2,1,50.0
能力指標,能解決時刻與時間量的加減問題。,數學108,2,1,50.0
能力指標,能解決生活情境中三步驟的四則混合計算問題。,數學108,6,2,66.7
能力指標,能解決生活情境中二步驟的四則混合計算問題。,數學108,6,2,66.7
能力指標,能解決真分數除以整數的應用問題。,數學108,12,3,75.0
能力指標,能解決簡單求公倍數或最小公倍數的情境問題。,數學108,122,42,65.6
能力指標,能解決簡單求公因數或最大公因數的情境問題。,數學108,112,27,75.9
能力指標,能解決被減數為100，減數為一或二位數的減法直式計算。,數學108,8,3,62.5
能力指標,能解決複名數時間量的加減計算問題。,數學108,6,2,66.7
能力指標,能解決長度的加減法計算。,數學108,6,2,66.7
能力指標,能計算一位數的加減混合的式子。,數學108,8,2,75.0
能力指標,能計算扇形周長。,數學108,4,2,50.0
能力指標,能計算由長方形與正方形組成的簡單複合圖形周長及面積。,數學108,8,5,37.5
能力指標,能計算簡單長方體和正方體複合形體的表面積。,數學108,4,1,75.0
能力指標,能計算複合圖形的面積。,數學108,8,2,75.0
能力指標,能認識1000以內各數的位值和位名。,數學108,26,11,57.7
能力指標,能認識「1公分＝10毫米」，並在直尺上進行「毫米」單位的實測。,數學108,12,1,91.7
能力指標,能認識「1平方公尺＝10000平方公分」。,數學108,4,1,75.0
能力指標,能認識「公里」。「1公里＝1000公尺」。,數學108,2,0,100.0
能力指標,能認識旋轉中心、始邊、終邊與旋轉角的關係。,數學108,18,9,50.0
能力指標,能認識旋轉角與旋轉方向。,數學108,28,8,71.4
能力指標,能認識比值並解決生活中的問題。,數學108,4,1,75.0
能力指標,能認識比及相等的比並解決生活中的問題。,數學108,4,0,100.0
能力指標,能認識等值分數。,數學108,4,2,50.0
能力指標,能認識線與面的垂直。,數學108,22,8,63.6
能力指標,能認識質因數。,數學108,4,2,50.0
能力指標,能認識除法直式，並運用九九乘法做二位數除以一位數，商是二位數的除法直式紀錄（不退位）。,數學108,2,0,100.0
能力指標,能認識面與面的垂直。,數學108,26,6,76.9
能力指標,能認識面與面的平行。,數學108,22,6,72.7
能力指標,能讀報一公斤的秤面，認識重量單位「公斤」、「公克」及「1公斤=1000公克」的關係。,數學108,30,6,80.0
能力指標,能讀報三公斤的秤面，並知道「1公斤=1000公克」的關係。,數學108,26,5,80.8
能力指標,能辨認、描述與分類簡單平面圖形。,數學108,3,0,100.0
能力指標,能辨識質數與合數。,數學108,4,0,100.0
能力指標,能透過一平面圖形的切割拼湊了解面積保留的概念。,數學108,4,1,75.0
能力指標,能透過乘法計算平方公分板上正方形或長方形的面積。,數學108,2,0,100.0
能力指標,能透過分數的轉換比較二位小數的大小。,數學108,12,4,66.7
能力指標,能透過平方公分板點數平面圖形（長方形、正方形）的面積。,數學108,2,0,100.0
能力指標,能透過生活中常見容器，認識公升、毫升的容量單位並進行實測。,數學108,8,2,75.0
能力指標,能透過累千，認識10000以內的數及「千位」的位值，並能寫出四位數的展開式。,數學108,42,4,90.5
能力指標,能透過觀察和套描活動，仿製基本平面圖形<三角形丶正方形、長方形、圓形>。,數學108,2,0,100.0
能力指標,能透過過十、過百、過千，瞭解進位問題。,數學108,40,8,80.0
能力指標,能透過錢幣的組合與換算，進行10000以內數的化聚。,數學108,42,5,88.1
能力指標,能進行一平面圖形的切割及重組。,數學108,12,4,66.7
能力指標,能進行三位數的接近整百數字的判斷。,數學108,62,4,93.5
能力指標,能運用三位數乘以一位數的直式計算，解決生活中的問題。,數學108,16,5,68.8
能力指標,能運用九九乘法估商，並做三位數除以一位數，商為三位數的除法直式計算（不退位）。,數學108,6,2,66.7
能力指標,能運用加法與乘法的交換律、結合律，來簡化計算。,數學108,8,1,87.5
能力指標,能運用加減互逆的關係，進行加法的驗算與解題活動。,數學108,48,22,54.2
能力指標,能運用加減互逆的關係，進行減法的驗算與解題活動。,數學108,38,18,52.6
能力指標,能運用圓周長公式解決問題。,數學108,4,0,100.0
能力指標,能運用圓面積公式解決問題。,數學108,12,2,83.3
能力指標,能運用等值分數進行簡單異分母分數比較。,數學108,4,2,50.0
能力指標,能配合數線圖示進行加、減的操作，並用算式記錄下來。,數學108,12,3,75.0
能力指標,能長方形、正方形、三角形、圓形，進行變換造型或做平面造型設計。,數學108,10,4,60.0
能力指標,能間接比較物件的長短。,數學108,3,0,100.0
能力指標,自創角色跑起來,資訊教育,110,33,70.0
能力指標,自動與手動開始的遊戲場景,資訊教育,144,37,74.3
能力指標,自我介紹-Happy Birthday. I'm _____ year(s) old.,英語108,22,13,40.9
能力指標,自我介紹-How old are you?,英語108,10,2,80.0
能力指標,自我介紹-What is your name? ,英語108,4,2,50.0
能力指標,自我介紹-What's your name?,英語108,14,2,85.7
能力指標,與量的觀念結合<例如1公分=0.01公尺，100公尺=0.1公里>，解決二位小數的化聚問題。,數學108,24,7,70.8
能力指標,英文輸入真Easy,資訊教育,30,7,76.7
能力指標,著作權法、創用CC和遊戲規劃,資訊教育,24,5,79.2
能力指標,製作互動專題簡報,資訊教育,56,14,75.0
能力指標,規劃互動專題簡報,資訊教育,54,17,68.5
能力指標,觀察鐘面的變化，並使用常用時間用語<例如:上午、中午和下午>報讀半點的時刻，也能報讀指定時間的前後一小時的時刻。,數學108,4,1,75.0
能力指標,解決生活中的速度問題。 ,數學108,2,1,50.0
能力指標,設計好看的封面,資訊教育,74,20,73.0
能力指標,設計比較磁力強弱的方法,自然108,2,0,100.0
能力指標,設計遊戲場景和正義使者主角,資訊教育,22,9,59.1
能力指標,設計遊戲魔鬼主角程式積木,資訊教育,22,10,54.5
能力指標,設計遊戲魔鬼主角造型,資訊教育,26,8,69.2
能力指標,詞義[一]/成語義1,國語文108,2,1,50.0
能力指標,詞義[一]/成語義2,國語文108,2,1,50.0
能力指標,詞義[一]/成語義3,國語文108,4,2,50.0
能力指標,詞義[三]/反義,國語文108,12,5,58.3
能力指標,詞義[三]/同義,國語文108,28,6,78.6
能力指標,詞義[三]/成語義,國語文108,20,8,60.0
能力指標,詞義[三]/本義,國語文108,12,2,83.3
能力指標,詞義[二]/本義詞1,國語文108,10,4,60.0
能力指標,詞義[四]/多義,國語文108,20,9,55.0
能力指標,認識100元、500元、1000元，並認識5元、10元、100元、500元、1000元與1元的互換關係。,數學108,2,2,0.0
能力指標,認識Google相簿-載具版,資訊教育,22,7,68.2
能力指標,認識Scratch及帳戶的註冊,資訊教育,84,40,52.4
能力指標,認識「萬」、「十萬」、「百萬」、「千萬」及「億、兆」的位名，並能做大數（位名在千兆以內）數的說、讀、聽、寫。,數學108,82,15,81.7
能力指標,認識「萬」、「十萬」、「百萬」、「千萬」的位名，並能做大數（位名在千萬以內）的說、讀、聽、寫。,數學108,74,26,64.9
能力指標,認識乘法、乘號、被乘數、乘數及積。,數學108,28,13,53.6
能力指標,認識千兆以內各數的位值，並做位值單位化聚（含兩階或跨階單位的換算）。,數學108,68,18,73.5
能力指標,認識千萬以內各數的位值，並能使用大數的簡記法。,數學108,12,3,75.0
能力指標,認識圓心角。,數學108,6,1,83.3
能力指標,認識多位小數的位值與進行位值單位的換算。,數學108,56,14,75.0
能力指標,認識幾分之幾圓的扇形，並求出圓心角的度數。,數學108,10,1,90.0
能力指標,認識扇形及其組成要素。,數學108,8,0,100.0
能力指標,認識搜尋引擎,資訊教育,24,9,62.5
能力指標,認識數的十進位結構並做大數的大小比較。,數學108,46,8,82.6
能力指標,認識柱體和錐體的分類與命名。,數學108,10,4,60.0
能力指標,認識柱體和錐體的展開圖。,數學108,2,0,100.0
能力指標,認識柱體和錐體的透視圖。,數學108,4,2,50.0
能力指標,認識檔案總管,資訊教育,58,21,63.8
能力指標,認識檔案總管-簡易操作,資訊教育,30,11,63.3
能力指標,認識檔案與資料夾,資訊教育,40,8,80.0
能力指標,認識海報規劃及繪圖軟體Inkscape,資訊教育,118,34,71.2
能力指標,認識球及其組成要素。,數學108,4,1,75.0
能力指標,認識直角三角形、銳角三角形和鈍角三角形。,數學108,45,6,86.7
能力指標,認識硬碟、雲端硬碟,資訊教育,30,8,73.3
能力指標,認識等值分數。,數學108,44,11,75.0
能力指標,認識角柱、圓柱、角錐、圓錐及其組成要素。,數學108,4,2,50.0
能力指標,認識通分的意義。,數學108,16,1,93.8
能力指標,認識速度的意義。,數學108,12,4,66.7
能力指標,認識鍵盤,資訊教育,34,10,70.6
能力指標,認識長方形與正方形的周長公式。,數學108,4,1,75.0
能力指標,認識長方形與正方形的面積公式。,數學108,8,3,62.5
能力指標,認識電腦的計量單位,資訊教育,52,20,61.5
能力指標,語法[一]/感嘆句,國語文108,8,6,25.0
能力指標,語法[一]/疑問句,國語文108,8,2,75.0
能力指標,語法[一]/病句,國語文108,20,7,65.0
能力指標,語法[一]/祈使句,國語文108,8,4,50.0
能力指標,語法[一]/陳述句,國語文108,2,1,50.0
能力指標,語法[三]/並列複句,國語文108,5,3,40.0
能力指標,語法[三]/疑問句,國語文108,3,0,100.0
能力指標,語法[三]/陳述句,國語文108,6,1,83.3
能力指標,語法[二]/感嘆句,國語文108,10,5,50.0
能力指標,語法[二]/疑問句,國語文108,8,3,62.5
能力指標,語法[二]/祈使句,國語文108,8,3,62.5
能力指標,語法[二]/陳述句,國語文108,6,0,100.0
能力指標,語法[四]/假設複句,國語文108,4,2,50.0
能力指標,語法[四]/病句,國語文108,4,2,50.0
能力指標,語法[四]/詞類,國語文108,4,1,75.0
能力指標,語法標點[三]/冒號,國語文108,4,3,25.0
能力指標,語法標點[三]/句號,國語文108,4,0,100.0
能力指標,語法標點[三]/問號,國語文108,10,1,90.0
能力指標,語法標點[三]/專名號,國語文108,1,0,100.0
能力指標,語法標點[三]/引號,國語文108,12,4,66.7
能力指標,語法標點[三]/破折號,國語文108,2,0,100.0
能力指標,語法標點[三]/逗號,國語文108,10,4,60.0
能力指標,語法標點[三]/驚嘆號,國語文108,4,1,75.0
能力指標,語法標點[二]/冒號,國語文108,32,5,84.4
能力指標,語法標點[二]/問號,國語文108,3,0,100.0
能力指標,語法標點[二]/引號,國語文108,23,7,69.6
能力指標,語法標點[二]/頓號,國語文108,12,2,83.3
能力指標,語法標點[二]/驚嘆號,國語文108,8,2,75.0
能力指標,語法標點[四]/引號,國語文108,12,4,66.7
能力指標,語法標點[四]/書名號,國語文108,6,1,83.3
能力指標,"語音-CVC Sound Combinations 母音a, e, i +無聲子音",英語108,14,5,64.3
能力指標,"語音-CVC Sound Combinations 母音a, e, i+有聲子音",英語108,10,3,70.0
能力指標,"語音-CVC Sound Combinations 母音o, u +有聲子音",英語108,4,1,75.0
能力指標,"語音-CVC Sound Combinations 母音o, u +無聲子音 ",英語108,12,4,66.7
能力指標,"語音-CVC Sound Combinations母音a, e, i, o, u+有聲子音",英語108,10,4,60.0
能力指標,"語音-CVC Sound Combinations母音a, e, i, o, u+無聲子音",英語108,10,3,70.0
能力指標,語音-Consonant Blend ng,英語108,16,7,56.2
能力指標,語音-Consonant Sounds Bb Pp,英語108,10,1,90.0
能力指標,語音-Consonant Sounds LI Rr,英語108,12,4,66.7
能力指標,語音-Consonant Sounds Ll Rr,英語108,4,1,75.0
能力指標,"語音-Consonant Sounds Ll, Rr, Mm, Nn",英語108,6,2,66.7
能力指標,語音-Consonant Sounds Mn Nn,英語108,20,5,75.0
能力指標,語音-Consonant Sounds Q W,英語108,8,1,87.5
能力指標,語音-Consonant Sounds Xx,英語108,12,7,41.7
能力指標,"語音-Consonant Sounds ck, -ss, -ll, -zz, -ff ",英語108,12,6,50.0
能力指標,語音-Letter Mm Sound,英語108,12,2,83.3
能力指標,語音-Letter Nn Sound,英語108,18,8,55.6
能力指標,"語音-Long Vowel Sound /i/: i_e, i, igh, ie, y",英語108,12,4,66.7
能力指標,"語音-Long Vowel Sound /o/: oe, oa, ow, o_e",英語108,12,0,100.0
能力指標,語音-Long/Short Vowel Sounds Part 1,英語108,22,9,59.1
能力指標,語音-Long/Short Vowel Sounds Part 2,英語108,16,7,56.2
能力指標,語音-The PH Sound,英語108,4,1,75.0
能力指標,語音-The TH Sound,英語108,10,6,40.0
能力指標,"語音-Vowel Sounds a _ e, a",英語108,28,12,57.1
能力指標,"語音-Vowel Sounds a, e, i",英語108,14,3,78.6
能力指標,"語音-Vowel Sounds a_e, a",英語108,2,0,100.0
能力指標,"語音-Vowel Sounds e _ e, e",英語108,20,12,40.0
能力指標,"語音-Vowel Sounds ee, e_e, e",英語108,4,1,75.0
能力指標,"語音-Vowel Sounds i _ e , i",英語108,4,2,50.0
能力指標,"語音-Vowel Sounds i_e, i",英語108,8,1,87.5
能力指標,"語音-Vowel Sounds o _ e, o",英語108,14,6,57.1
能力指標,"語音-Vowel Sounds o,u",英語108,4,2,50.0
能力指標,"語音-Vowel Sounds u_ e , u",英語108,12,6,50.0
能力指標,"語音-Vowel Sounds u_e, u",英語108,8,1,87.5
能力指標,課程平台的使用-Google Classroom 上傳作業,資訊教育,2,0,100.0
能力指標,變數的應用,資訊教育,66,24,63.6
能力指標,變更投影片主題,資訊教育,86,27,68.6
能力指標,讓遊戲更精彩,資訊教育,10,3,70.0
能力指標,身材外型-I am tall/ short/ strong/ thin/ fat.,英語108,6,3,50.0
能力指標,"身體外型-I'm___. (tall, short, thin, old, young)",英語108,6,1,83.3
能力指標,"身體外型-My Alien Friends -heavy, short, thin, tall, strong",英語108,12,7,41.7
能力指標,身體部位-Five Senses,英語108,10,5,50.0
能力指標,身體部位-Touch Your Face/Mouth/Eyes/Nose/Ears (Safe Touch/ Unsafe Touch),英語108,6,2,66.7
能力指標,輸入簡報內容及插入網頁圖片,資訊教育,46,13,71.7
能力指標,辨識結合韻一ㄢ、一ㄣ、一ㄤ、一ㄥ,國語文108,2,0,100.0
能力指標,透過兩點間直線距離最短，察覺三角形的任意兩邊和大於第三邊。,數學108,4,1,75.0
能力指標,透過操作，知道三角形任意兩邊和大於第三邊。,數學108,2,2,0.0
能力指標,透過整除認識因數。,數學108,106,23,78.3
能力指標,透過觀察，認識月曆和日曆並能看月曆、日曆回答問題。,數學108,3,0,100.0
能力指標,進行速度常用單位間的化聚。,數學108,4,1,75.0
能力指標,遊戲中的小老鼠,資訊教育,88,12,86.4
能力指標,遊戲分析與故事構想,資訊教育,152,46,69.7
能力指標,遊戲的難易度和勝負判斷,資訊教育,26,13,50.0
能力指標,運用切割重組，理解平行四邊形面積的公式。,數學108,4,0,100.0
能力指標,郵件個人化設定與網路禮儀,資訊教育,20,6,70.0
能力指標,關鍵字搜尋與辨別假訊息,資訊教育,16,3,81.2
能力指標,隨機移動的小老鼠,資訊教育,88,18,79.5
能力指標,電子郵件信箱簡介,資訊教育,18,2,88.9
能力指標,電腦操作起手式與使用電腦的時間管理-實踐篇,資訊教育,10,2,80.0
能力指標,電腦的種類和介紹,資訊教育,6,2,66.7
能力指標,"顏色-Colors (2) (green, orange, purple, pink, gray)",英語108,4,1,75.0
能力指標,"顏色-Colors (red, blue, yellow, black, white)",英語108,2,0,100.0
能力指標,顏色-What color is it?,英語108,4,0,100.0
能力指標,"顏色-What color is it? -red, yellow, green, blue",英語108,6,2,66.7
能力指標,"食物- Drinks- Ordering Drinks(coffee, tea, soda, water, milk)",英語108,2,0,100.0
能力指標,"食物-Do you like cake, pizza, orange juice, milk, tea? Yes, I do. / No, I don't",英語108,8,2,75.0
能力指標,"食物-Do you like hamburgers/sandwiches/eggs/apples/oranges/bananas? Yes, I do. / No, I don't.",英語108,2,0,100.0
能力指標,"食物-Fruit Farm (pineapples, blueberries, watermelons, dragon fruits, star fruits, strawberries)",英語108,2,0,100.0
英文單字,April,英語,1,0,100.0
英文單字,December,英語,6,0,100.0
英文單字,Dr.,英語,3,1,66.7
英文單字,English,英語,2,0,100.0
英文單字,February,英語,1,0,100.0
英文單字,Friday,英語,3,2,33.3
英文單字,I,英語,15,2,86.7
英文單字,January,英語,1,0,100.0
英文單字,July,英語,2,0,100.0
英文單字,MRT,英語,3,0,100.0
英文單字,March,英語,2,0,100.0
英文單字,Miss,英語,5,0,100.0
英文單字,Monday,英語,3,2,33.3
英文單字,Mr.,英語,9,1,88.9
英文單字,Mrs.,英語,8,2,75.0
英文單字,Ms.,英語,5,1,80.0
英文單字,November,英語,3,1,66.7
英文單字,PE,英語,1,0,100.0
英文單字,Saturday,英語,7,2,71.4
英文單字,September,英語,1,0,100.0
英文單字,Sunday,英語,5,2,60.0
英文單字,TV,英語,2,1,50.0
英文單字,Thursday,英語,6,1,83.3
英文單字,Tuesday,英語,5,1,80.0
英文單字,Wednesday,英語,4,2,50.0
英文單字,a,英語,19,2,89.5
英文單字,a few,英語,9,6,33.3
英文單字,a little,英語,7,3,57.1
英文單字,a lot,英語,6,5,16.7
英文單字,a.m.,英語,1,0,100.0
英文單字,about,英語,1,0,100.0
英文單字,above,英語,2,0,100.0
英文單字,across,英語,2,0,100.0
英文單字,actress,英語,2,0,100.0
英文單字,after,英語,2,0,100.0
英文單字,afternoon,英語,1,0,100.0
英文單字,again,英語,1,0,100.0
英文單字,ago,英語,1,1,0.0
英文單字,agree,英語,1,0,100.0
英文單字,airplane,英語,2,0,100.0
英文單字,airport,英語,1,0,100.0
英文單字,all,英語,1,0,100.0
英文單字,almost,英語,1,1,0.0
英文單字,along,英語,2,0,100.0
英文單字,also,英語,1,1,0.0
英文單字,although,英語,1,0,100.0
英文單字,always,英語,2,0,100.0
英文單字,am,英語,21,7,66.7
英文單字,an,英語,10,1,90.0
英文單字,animal,英語,1,0,100.0
英文單字,another,英語,1,0,100.0
英文單字,ant,英語,11,3,72.7
英文單字,any,英語,1,0,100.0
英文單字,anyone,英語,2,0,100.0
英文單字,apartment,英語,1,0,100.0
英文單字,appear,英語,2,0,100.0
英文單字,apple,英語,1,0,100.0
英文單字,are,英語,19,2,89.5
英文單字,arm,英語,4,0,100.0
英文單字,around,英語,5,3,40.0
英文單字,as,英語,1,0,100.0
英文單字,ask,英語,2,0,100.0
英文單字,at,英語,1,0,100.0
英文單字,aunt,英語,4,0,100.0
英文單字,autumn,英語,1,0,100.0
英文單字,baby,英語,1,0,100.0
英文單字,bad,英語,2,0,100.0
英文單字,badminton,英語,2,0,100.0
英文單字,bag,英語,1,0,100.0
英文單字,bakery,英語,2,0,100.0
英文單字,banana,英語,1,0,100.0
英文單字,barbecue,英語,1,0,100.0
英文單字,baseball,英語,1,0,100.0
英文單字,basketball,英語,2,0,100.0
英文單字,be,英語,13,3,76.9
英文單字,bean,英語,1,0,100.0
英文單字,beautiful,英語,1,0,100.0
英文單字,because,英語,1,0,100.0
英文單字,bed,英語,2,0,100.0
英文單字,bedroom,英語,2,0,100.0
英文單字,bee,英語,8,0,100.0
英文單字,beef,英語,1,0,100.0
英文單字,begin,英語,1,0,100.0
英文單字,behind,英語,4,0,100.0
英文單字,believe,英語,2,0,100.0
英文單字,below,英語,1,0,100.0
英文單字,beside,英語,3,0,100.0
英文單字,between,英語,6,1,83.3
英文單字,bicycle,英語,2,0,100.0
英文單字,big,英語,2,0,100.0
英文單字,bike,英語,2,0,100.0
英文單字,bird,英語,3,0,100.0
英文單字,black,英語,2,1,50.0
英文單字,blackboard,英語,2,0,100.0
英文單字,blue,英語,3,0,100.0
英文單字,boat,英語,1,0,100.0
英文單字,body,英語,3,3,0.0
英文單字,book,英語,4,0,100.0
英文單字,bookstore,英語,1,0,100.0
英文單字,born,英語,1,0,100.0
英文單字,boss,英語,2,0,100.0
英文單字,both,英語,1,0,100.0
英文單字,bowl,英語,1,0,100.0
英文單字,boy,英語,7,0,100.0
英文單字,bread,英語,8,6,25.0
英文單字,bright,英語,1,0,100.0
英文單字,brother,英語,5,0,100.0
英文單字,brown,英語,3,1,66.7
英文單字,bug,英語,4,0,100.0
英文單字,bun,英語,1,0,100.0
英文單字,bus,英語,3,0,100.0
英文單字,businessman,英語,2,1,50.0
英文單字,busy,英語,1,0,100.0
英文單字,but,英語,1,0,100.0
英文單字,butter,英語,1,0,100.0
英文單字,by,英語,3,0,100.0
英文單字,cake,英語,13,4,69.2
英文單字,can,英語,1,0,100.0
英文單字,candy,英語,10,3,70.0
英文單字,car,英語,4,0,100.0
英文單字,card,英語,3,0,100.0
英文單字,carry,英語,1,0,100.0
英文單字,cat,英語,6,0,100.0
英文單字,catch,英語,2,0,100.0
英文單字,chalk,英語,3,0,100.0
英文單字,cheap,英語,1,0,100.0
英文單字,chicken,英語,1,0,100.0
英文單字,child,英語,4,0,100.0
英文單字,chocolate,英語,1,0,100.0
英文單字,chopsticks,英語,1,0,100.0
英文單字,church,英語,1,0,100.0
英文單字,clear,英語,2,0,100.0
英文單字,clerk,英語,1,1,0.0
英文單字,clock,英語,2,0,100.0
英文單字,close,英語,2,0,100.0
英文單字,clothes,英語,1,0,100.0
英文單字,coffee,英語,8,1,87.5
英文單字,cola,英語,1,0,100.0
英文單字,cold,英語,3,0,100.0
英文單字,come,英語,4,0,100.0
英文單字,computer,英語,1,0,100.0
英文單字,cool,英語,2,0,100.0
英文單字,cost,英語,1,1,0.0
英文單字,could,英語,1,0,100.0
英文單字,cousin,英語,3,0,100.0
英文單字,cover,英語,1,0,100.0
英文單字,crazy,英語,1,0,100.0
英文單字,cry,英語,1,0,100.0
英文單字,cup,英語,1,0,100.0
英文單字,cut,英語,1,1,0.0
英文單字,daddy,英語,3,0,100.0
英文單字,dance,英語,2,1,50.0
英文單字,date,英語,2,0,100.0
英文單字,daughter,英語,2,0,100.0
英文單字,day,英語,2,0,100.0
英文單字,delicious,英語,1,0,100.0
英文單字,desk,英語,2,0,100.0
英文單字,die,英語,1,0,100.0
英文單字,different,英語,1,0,100.0
英文單字,difficult,英語,2,0,100.0
英文單字,dig,英語,2,1,50.0
英文單字,dining room,英語,2,1,50.0
英文單字,dirty,英語,1,0,100.0
英文單字,dish,英語,2,0,100.0
英文單字,do,英語,1,0,100.0
英文單字,doctor,英語,4,2,50.0
英文單字,does,英語,1,1,0.0
英文單字,dog,英語,10,3,70.0
英文單字,doll,英語,4,0,100.0
英文單字,door,英語,2,0,100.0
英文單字,down,英語,5,0,100.0
英文單字,draw,英語,1,0,100.0
英文單字,drink,英語,1,0,100.0
英文單字,driver,英語,2,0,100.0
英文單字,dry,英語,3,0,100.0
英文單字,duck,英語,2,1,50.0
英文單字,during,英語,2,0,100.0
英文單字,ear,英語,2,0,100.0
英文單字,early,英語,1,0,100.0
英文單字,east,英語,5,2,60.0
英文單字,easy,英語,1,0,100.0
英文單字,eat,英語,5,0,100.0
英文單字,egg,英語,10,0,100.0
英文單字,eight,英語,18,5,72.2
英文單字,eighteen,英語,5,0,100.0
英文單字,eighty,英語,2,0,100.0
英文單字,either,英語,1,1,0.0
英文單字,elephant,英語,1,1,0.0
英文單字,eleven,英語,4,0,100.0
英文單字,engineer,英語,1,0,100.0
英文單字,enjoy,英語,1,0,100.0
英文單字,enough,英語,1,0,100.0
英文單字,enter,英語,1,1,0.0
英文單字,eraser,英語,1,0,100.0
英文單字,evening,英語,1,1,0.0
英文單字,ever,英語,1,0,100.0
英文單字,every,英語,1,0,100.0
英文單字,everybody,英語,1,0,100.0
英文單字,everyone,英語,1,0,100.0
英文單字,excellent,英語,2,0,100.0
英文單字,except,英語,2,0,100.0
英文單字,exciting,英語,1,0,100.0
英文單字,eye,英語,1,0,100.0
英文單字,face,英語,2,0,100.0
英文單字,factory,英語,1,0,100.0
英文單字,famous,英語,1,0,100.0
英文單字,far,英語,1,0,100.0
英文單字,farm,英語,1,0,100.0
英文單字,farmer,英語,1,0,100.0
英文單字,fat,英語,1,0,100.0
英文單字,father,英語,3,0,100.0
英文單字,feel,英語,1,1,0.0
英文單字,few,英語,5,1,80.0
英文單字,fifteen,英語,3,0,100.0
英文單字,fifty,英語,9,1,88.9
英文單字,fight,英語,1,0,100.0
英文單字,fill,英語,1,1,0.0
英文單字,finally,英語,1,0,100.0
英文單字,find,英語,3,0,100.0
英文單字,finger,英語,1,0,100.0
英文單字,fish,英語,3,0,100.0
英文單字,fisherman,英語,1,1,0.0
英文單字,five,英語,17,6,64.7
英文單字,fix,英語,1,0,100.0
英文單字,flower,英語,4,0,100.0
英文單字,fly,英語,3,0,100.0
英文單字,food,英語,1,0,100.0
英文單字,foot,英語,1,0,100.0
英文單字,for,英語,1,0,100.0
英文單字,forget,英語,1,0,100.0
英文單字,fork,英語,1,0,100.0
英文單字,forty,英語,5,1,80.0
英文單字,four,英語,15,4,73.3
英文單字,fourteen,英語,7,2,71.4
英文單字,fox,英語,5,1,80.0
英文單字,free,英語,1,0,100.0
英文單字,fresh,英語,1,0,100.0
英文單字,friend,英語,1,0,100.0
英文單字,friendly,英語,2,1,50.0
英文單字,frog,英語,4,2,50.0
英文單字,from,英語,1,0,100.0
英文單字,front,英語,5,0,100.0
英文單字,funny,英語,3,2,33.3
英文單字,future,英語,1,0,100.0
英文單字,garden,英語,1,0,100.0
英文單字,get,英語,8,1,87.5
英文單字,girl,英語,3,0,100.0
英文單字,give,英語,4,0,100.0
英文單字,glad,英語,1,0,100.0
英文單字,go,英語,3,0,100.0
英文單字,goat,英語,11,5,54.5
英文單字,grandfather,英語,2,0,100.0
英文單字,grandma,英語,3,2,33.3
英文單字,grandmother,英語,3,0,100.0
英文單字,grandpa,英語,1,0,100.0
英文單字,grape,英語,3,0,100.0
英文單字,grass,英語,1,1,0.0
英文單字,gray,英語,3,3,0.0
英文單字,great,英語,1,0,100.0
英文單字,green,英語,1,0,100.0
英文單字,grow,英語,2,0,100.0
英文單字,guava,英語,3,1,66.7
英文單字,guess,英語,1,0,100.0
英文單字,gym,英語,1,0,100.0
英文單字,had,英語,1,0,100.0
英文單字,hair,英語,5,1,80.0
英文單字,hamburger,英語,1,0,100.0
英文單字,hand,英語,2,0,100.0
英文單字,handsome,英語,1,0,100.0
英文單字,hat,英語,1,0,100.0
英文單字,hate,英語,4,1,75.0
英文單字,have,英語,1,0,100.0
英文單字,he,英語,15,2,86.7
英文單字,head,英語,1,0,100.0
英文單字,hear,英語,3,0,100.0
英文單字,heart,英語,4,3,25.0
英文單字,help,英語,1,0,100.0
英文單字,hen,英語,2,0,100.0
英文單字,her,英語,4,0,100.0
英文單字,here,英語,1,0,100.0
英文單字,herself,英語,1,0,100.0
英文單字,high,英語,1,0,100.0
英文單字,him,英語,5,0,100.0
英文單字,himself,英語,1,0,100.0
英文單字,hippo,英語,4,3,25.0
英文單字,his,英語,5,1,80.0
英文單字,history,英語,1,0,100.0
英文單字,hit,英語,3,0,100.0
英文單字,home,英語,6,0,100.0
英文單字,honest,英語,1,0,100.0
英文單字,honey,英語,1,0,100.0
英文單字,hope,英語,6,2,66.7
英文單字,horse,英語,3,3,0.0
英文單字,hot dog,英語,1,0,100.0
英文單字,hotel,英語,1,0,100.0
英文單字,hour,英語,2,0,100.0
英文單字,house,英語,5,0,100.0
英文單字,housewife,英語,1,1,0.0
英文單字,how,英語,19,10,47.4
英文單字,hundred,英語,9,1,88.9
英文單字,ice,英語,10,4,60.0
英文單字,ice cream,英語,11,5,54.5
英文單字,if,英語,1,0,100.0
英文單字,in,英語,5,0,100.0
英文單字,inside,英語,3,0,100.0
英文單字,interesting,英語,1,0,100.0
英文單字,into,英語,5,1,80.0
英文單字,is,英語,14,2,85.7
英文單字,it,英語,12,1,91.7
英文單字,its,英語,4,2,50.0
英文單字,itself,英語,1,0,100.0
英文單字,jacket,英語,1,0,100.0
英文單字,jog,英語,2,0,100.0
英文單字,juice,英語,9,1,88.9
英文單字,jump,英語,6,0,100.0
英文單字,kangaroo,英語,1,0,100.0
英文單字,keep,英語,5,0,100.0
英文單字,key,英語,7,0,100.0
英文單字,kill,英語,2,0,100.0
英文單字,kind,英語,1,0,100.0
英文單字,king,英語,1,0,100.0
英文單字,kiss,英語,4,3,25.0
英文單字,kitchen,英語,1,0,100.0
英文單字,knee,英語,2,0,100.0
英文單字,knife,英語,1,0,100.0
英文單字,know,英語,6,2,66.7
英文單字,koala,英語,3,1,66.7
英文單字,lake,英語,1,0,100.0
英文單字,lamp,英語,2,1,50.0
英文單字,large,英語,2,0,100.0
英文單字,late,英語,2,0,100.0
英文單字,lawyer,英語,3,2,33.3
英文單字,lazy,英語,1,0,100.0
英文單字,leader,英語,1,1,0.0
英文單字,left,英語,3,0,100.0
英文單字,leg,英語,1,0,100.0
英文單字,lend,英語,2,1,50.0
英文單字,lettuce,英語,1,0,100.0
英文單字,like,英語,6,1,83.3
英文單字,lion,英語,11,4,63.6
英文單字,lip,英語,5,5,0.0
英文單字,list,英語,5,0,100.0
英文單字,listen,英語,2,0,100.0
英文單字,little,英語,5,0,100.0
英文單字,lonely,英語,1,0,100.0
英文單字,long,英語,2,0,100.0
英文單字,look,英語,1,0,100.0
英文單字,love,英語,3,0,100.0
英文單字,low,英語,2,0,100.0
英文單字,lucky,英語,1,0,100.0
英文單字,mad,英語,1,0,100.0
英文單字,madam,英語,5,0,100.0
英文單字,mailman,英語,6,3,50.0
英文單字,make,英語,4,0,100.0
英文單字,man,英語,5,0,100.0
英文單字,many,英語,7,0,100.0
英文單字,marker,英語,2,0,100.0
英文單字,math,英語,1,0,100.0
英文單字,mathematics,英語,1,0,100.0
英文單字,may,英語,1,0,100.0
英文單字,me,英語,6,0,100.0
英文單字,mean,英語,6,0,100.0
英文單字,meat,英語,1,0,100.0
英文單字,middle,英語,2,2,0.0
英文單字,minute,英語,3,1,66.7
英文單字,modern,英語,1,0,100.0
英文單字,monkey,英語,11,2,81.8
英文單字,month,英語,2,0,100.0
英文單字,more,英語,6,1,83.3
英文單字,morning,英語,1,0,100.0
英文單字,mother,英語,3,0,100.0
英文單字,mouse,英語,4,1,75.0
英文單字,move,英語,2,0,100.0
英文單字,much,英語,6,1,83.3
英文單字,must,英語,1,0,100.0
英文單字,my,英語,4,0,100.0
英文單字,near,英語,1,0,100.0
英文單字,neck,英語,3,1,66.7
英文單字,need,英語,4,0,100.0
英文單字,neighbor,英語,1,1,0.0
英文單字,new,英語,3,0,100.0
英文單字,next,英語,1,0,100.0
英文單字,nice,英語,1,0,100.0
英文單字,night,英語,2,1,50.0
英文單字,nine,英語,13,2,84.6
英文單字,nineteen,英語,6,0,100.0
英文單字,ninety,英語,9,1,88.9
英文單字,no,英語,13,1,92.3
英文單字,nobody,英語,1,0,100.0
英文單字,noon,英語,1,0,100.0
英文單字,north,英語,5,1,80.0
英文單字,nose,英語,1,0,100.0
英文單字,notebook,英語,2,0,100.0
英文單字,now,英語,1,0,100.0
英文單字,nurse,英語,5,1,80.0
英文單字,o'clock,英語,4,1,75.0
英文單字,of,英語,6,0,100.0
英文單字,off,英語,4,0,100.0
英文單字,officer,英語,1,0,100.0
英文單字,oil,英語,5,0,100.0
英文單字,old,英語,3,0,100.0
英文單字,on,英語,5,0,100.0
英文單字,one,英語,9,1,88.9
英文單字,only,英語,1,0,100.0
英文單字,open,英語,1,0,100.0
英文單字,or,英語,1,0,100.0
英文單字,orange,英語,3,0,100.0
英文單字,other,英語,1,0,100.0
英文單字,our,英語,3,1,66.7
英文單字,outside,英語,3,0,100.0
英文單字,over,英語,4,2,50.0
英文單字,ox,英語,8,4,50.0
英文單字,p.m.,英語,1,1,0.0
英文單字,paint,英語,2,0,100.0
英文單字,papaya,英語,2,0,100.0
英文單字,parent,英語,2,0,100.0
英文單字,park,英語,1,0,100.0
英文單字,peach,英語,2,0,100.0
英文單字,pear,英語,4,0,100.0
英文單字,pen,英語,2,0,100.0
英文單字,pencil,英語,2,0,100.0
英文單字,people,英語,9,0,100.0
英文單字,person,英語,3,2,33.3
英文單字,phone,英語,2,0,100.0
英文單字,photo,英語,2,0,100.0
英文單字,physical education,英語,1,0,100.0
英文單字,pig,英語,11,3,72.7
英文單字,pin,英語,1,0,100.0
英文單字,pink,英語,1,0,100.0
英文單字,pizza,英語,12,2,83.3
英文單字,plan,英語,1,0,100.0
英文單字,plane,英語,4,1,75.0
英文單字,plate,英語,1,0,100.0
英文單字,play,英語,1,0,100.0
英文單字,player,英語,3,0,100.0
英文單字,playground,英語,1,0,100.0
英文單字,police,英語,5,4,20.0
英文單字,poor,英語,2,0,100.0
英文單字,popcorn,英語,1,0,100.0
英文單字,post office,英語,1,0,100.0
英文單字,prince,英語,4,1,75.0
英文單字,princess,英語,2,0,100.0
英文單字,puppy,英語,2,1,50.0
英文單字,purple,英語,2,0,100.0
英文單字,push,英語,1,0,100.0
英文單字,put,英語,6,1,83.3
英文單字,queen,英語,2,0,100.0
英文單字,rabbit,英語,9,1,88.9
英文單字,radio,英語,1,0,100.0
英文單字,rainy,英語,1,0,100.0
英文單字,rat,英語,2,1,50.0
英文單字,read,英語,1,0,100.0
英文單字,red,英語,3,0,100.0
英文單字,restaurant,英語,1,0,100.0
英文單字,restroom,英語,1,0,100.0
英文單字,rice,英語,1,0,100.0
英文單字,rich,英語,2,0,100.0
英文單字,ride,英語,1,0,100.0
英文單字,room,英語,3,0,100.0
英文單字,sandwich,英語,1,0,100.0
英文單字,say,英語,1,0,100.0
英文單字,science,英語,1,0,100.0
英文單字,second,英語,1,0,100.0
英文單字,secretary,英語,1,0,100.0
英文單字,see,英語,1,0,100.0
英文單字,seven,英語,18,6,66.7
英文單字,seventeen,英語,3,0,100.0
英文單字,seventy,英語,1,0,100.0
英文單字,several,英語,3,1,66.7
英文單字,shark,英語,1,0,100.0
英文單字,she,英語,20,3,85.0
英文單字,sheep,英語,1,0,100.0
英文單字,shorts,英語,1,0,100.0
英文單字,shoulder,英語,7,7,0.0
英文單字,shy,英語,1,0,100.0
英文單字,side,英語,2,2,0.0
英文單字,sir,英語,2,0,100.0
英文單字,sister,英語,4,0,100.0
英文單字,six,英語,15,2,86.7
英文單字,sixteen,英語,4,1,75.0
英文單字,sixty,英語,6,0,100.0
英文單字,small,英語,2,0,100.0
英文單字,snake,英語,3,1,66.7
英文單字,so,英語,2,1,50.0
英文單字,soldier,英語,1,1,0.0
英文單字,some,英語,6,0,100.0
英文單字,someone,英語,1,0,100.0
英文單字,son,英語,2,0,100.0
英文單字,sorry,英語,2,1,50.0
英文單字,south,英語,4,2,50.0
英文單字,special,英語,1,0,100.0
英文單字,spider,英語,2,0,100.0
英文單字,spoon,英語,1,0,100.0
英文單字,stranger,英語,1,0,100.0
英文單字,straw,英語,2,0,100.0
英文單字,student,英語,3,2,33.3
英文單字,study,英語,2,0,100.0
英文單字,successful,英語,1,0,100.0
英文單字,summer,英語,1,0,100.0
英文單字,sweater,英語,1,0,100.0
英文單字,table,英語,3,0,100.0
英文單字,take,英語,6,0,100.0
英文單字,tea,英語,7,0,100.0
英文單字,teacher,英語,2,0,100.0
英文單字,teenager,英語,2,2,0.0
英文單字,telephone,英語,1,0,100.0
英文單字,ten,英語,17,7,58.8
英文單字,tennis,英語,2,0,100.0
英文單字,than,英語,1,1,0.0
英文單字,that,英語,19,2,89.5
英文單字,the,英語,12,1,91.7
英文單字,them,英語,5,1,80.0
英文單字,themselves,英語,1,0,100.0
英文單字,these,英語,20,3,85.0
英文單字,they,英語,16,2,87.5
英文單字,thick,英語,1,0,100.0
英文單字,thin,英語,2,0,100.0
英文單字,thirsty,英語,1,0,100.0
英文單字,thirteen,英語,7,0,100.0
英文單字,thirty,英語,4,0,100.0
英文單字,this,英語,12,1,91.7
英文單字,those,英語,17,1,94.1
英文單字,though,英語,2,1,50.0
英文單字,thousand,英語,5,1,80.0
英文單字,three,英語,17,8,52.9
英文單字,tiger,英語,14,3,78.6
英文單字,to,英語,3,0,100.0
英文單字,today,英語,3,0,100.0
英文單字,tomato,英語,1,0,100.0
英文單字,tomorrow,英語,2,0,100.0
英文單字,tonight,英語,2,1,50.0
英文單字,tooth,英語,6,0,100.0
英文單字,train,英語,2,0,100.0
英文單字,tree,英語,4,0,100.0
英文單字,truck,英語,3,0,100.0
英文單字,turtle,英語,2,2,0.0
英文單字,twelve,英語,8,1,87.5
英文單字,twenty,英語,6,0,100.0
英文單字,two,英語,19,6,68.4
英文單字,uncle,英語,4,1,75.0
英文單字,under,英語,1,0,100.0
英文單字,understand,英語,1,0,100.0
英文單字,until,英語,1,1,0.0
英文單字,up,英語,4,0,100.0
英文單字,us,英語,3,0,100.0
英文單字,visit,英語,3,1,66.7
英文單字,wait,英語,5,2,60.0
英文單字,waitress,英語,1,0,100.0
英文單字,walk,英語,3,0,100.0
英文單字,watermelon,英語,2,0,100.0
英文單字,we,英語,19,2,89.5
英文單字,week,英語,7,3,57.1
英文單字,weekend,英語,4,0,100.0
英文單字,well,英語,2,0,100.0
英文單字,west,英語,4,2,50.0
英文單字,wet,英語,2,0,100.0
英文單字,what,英語,14,8,42.9
英文單字,when,英語,17,8,52.9
英文單字,where,英語,18,9,50.0
英文單字,whether,英語,22,11,50.0
英文單字,which,英語,16,11,31.2
英文單字,white,英語,3,0,100.0
英文單字,who,英語,15,6,60.0
英文單字,whose,英語,16,9,43.8
英文單字,why,英語,18,9,50.0
英文單字,window,英語,4,0,100.0
英文單字,with,英語,6,1,83.3
英文單字,without,英語,18,10,44.4
英文單字,woman,英語,4,4,0.0
英文單字,worker,英語,4,0,100.0
英文單字,writer,英語,5,2,60.0
英文單字,year,英語,3,0,100.0
英文單字,yellow,英語,4,0,100.0
英文單字,yes,英語,14,6,57.1
英文單字,yesterday,英語,2,0,100.0
英文單字,you,英語,20,3,85.0
英文單字,your,英語,4,1,75.0
英文單字,yours,英語,1,0,100.0
英文單字,yourself,英語,1,0,100.0
英文單字,zebra,英語,5,1,80.0
英文單字,zero,英語,7,0,100.0
數學單元,100以內的數,數學,15,0,100.0
數學單元,10以內的加減,數學,170,15,91.2
數學單元,10以內的數,數學,163,24,85.3
數學單元,20以內的加減,數學,38,1,97.4
數學單元,30以內的數,數學,14,0,100.0
數學單元,乘法,數學,1,0,100.0
數學單元,九九乘法,數學,57,6,89.5
數學單元,二位數的加減,數學,10,3,70.0
數學單元,分數、小數混合四則運算,數學,217,152,30.0
數學單元,分與合,數學,50,2,96.0
數學單元,加減應用,數學,5,0,100.0
數學單元,單位長度量測,數學,2,0,100.0
數學單元,因數與倍數,數學,186,89,52.2
數學單元,年曆：認識月、日、星期幾,數學,12,3,75.0
數學單元,排順序、比多少,數學,112,13,88.4
數學單元,時間：幾點和幾點半,數學,69,3,95.7
數學單元,比較物品的長短,數學,39,4,89.7
數學單元,等量公理,數學,134,100,25.4
數學單元,認識形狀,數學,13,1,92.3
數學單元,認識錢幣,數學,35,17,51.4
數學單元,長度：公尺和公分,數學,21,1,95.2
數學單元,長度：毫米,數學,2,0,100.0
